d,solver,cfg,seconds,matvecs,converged,nbelow,l1,l2,l3,l4,threshold,l4_true
32,Arpack,nev=4;ncv=20;tol=0.0,0.9310,638,4,3,-2.705e-14,-1.448e-14,1.884e-14,2.525e-01,1.026e-04,2.525e-01
32,Arpack,nev=4;ncv=20;tol=1.0e-10,0.9678,600,4,3,-2.193e-14,-1.128e-14,-5.713e-16,2.525e-01,1.026e-04,2.525e-01
32,Arpack,nev=4;ncv=20;tol=1.0e-8,2.0712,610,4,3,-1.668e-14,-9.085e-16,1.356e-14,2.525e-01,1.026e-04,2.525e-01
32,Arpack,nev=4;ncv=20;tol=1.0e-6,2.1684,626,4,3,-4.067e-15,9.090e-15,2.953e-14,2.525e-01,1.026e-04,2.525e-01
32,Arpack,nev=4;ncv=40;tol=0.0,1.2833,607,4,3,7.489e-15,1.699e-14,2.442e-14,2.525e-01,1.026e-04,2.525e-01
32,Arpack,nev=4;ncv=40;tol=1.0e-10,2.2266,601,4,3,-3.311e-14,-2.657e-14,5.910e-16,2.525e-01,1.026e-04,2.525e-01
32,Arpack,nev=4;ncv=40;tol=1.0e-8,2.2545,599,4,3,3.422e-14,3.762e-14,3.999e-14,2.525e-01,1.026e-04,2.525e-01
32,Arpack,nev=4;ncv=40;tol=1.0e-6,2.5189,562,4,3,-1.233e-14,-1.547e-15,9.767e-15,2.525e-01,1.026e-04,2.525e-01
32,Arpack,nev=8;ncv=20;tol=0.0,3.0619,700,8,3,4.344e-15,4.656e-15,1.421e-14,2.525e-01,1.026e-04,2.525e-01
32,Arpack,nev=8;ncv=20;tol=1.0e-10,2.4381,604,8,3,-8.895e-15,-1.594e-15,2.040e-15,2.525e-01,1.026e-04,2.525e-01
32,Arpack,nev=8;ncv=20;tol=1.0e-8,2.2558,607,8,3,-5.840e-14,-5.472e-15,7.999e-15,2.525e-01,1.026e-04,2.525e-01
32,Arpack,nev=8;ncv=20;tol=1.0e-6,2.4585,588,8,3,7.456e-16,1.722e-15,6.807e-15,2.525e-01,1.026e-04,2.525e-01
32,Arpack,nev=8;ncv=40;tol=0.0,2.2218,614,8,3,-1.201e-14,-8.100e-15,-6.976e-15,2.525e-01,1.026e-04,2.525e-01
32,Arpack,nev=8;ncv=40;tol=1.0e-10,2.1190,545,8,3,-2.224e-14,-1.162e-14,-6.293e-15,2.525e-01,1.026e-04,2.525e-01
32,Arpack,nev=8;ncv=40;tol=1.0e-8,2.0084,534,8,3,-1.879e-14,-3.474e-15,6.363e-16,2.525e-01,1.026e-04,2.525e-01
32,Arpack,nev=8;ncv=40;tol=1.0e-6,2.0076,503,8,3,1.197e-14,1.846e-14,1.949e-14,2.525e-01,1.026e-04,2.525e-01
32,Arpack,nev=16;ncv=33;tol=0.0,2.3423,624,16,3,-4.459e-15,5.638e-16,4.350e-15,2.525e-01,1.026e-04,2.525e-01
32,Arpack,nev=16;ncv=33;tol=1.0e-10,1.9798,539,16,3,-1.297e-14,1.492e-15,2.014e-14,2.525e-01,1.026e-04,2.525e-01
32,Arpack,nev=16;ncv=33;tol=1.0e-8,2.3356,541,16,3,-5.225e-15,2.234e-15,6.745e-15,2.525e-01,1.026e-04,2.525e-01
32,Arpack,nev=16;ncv=33;tol=1.0e-6,2.1802,507,16,3,-1.119e-14,-4.178e-15,6.329e-15,2.525e-01,1.026e-04,2.525e-01
32,Arpack,nev=16;ncv=66;tol=0.0,2.5224,531,16,3,-8.715e-15,3.354e-14,3.363e-14,2.525e-01,1.026e-04,2.525e-01
32,Arpack,nev=16;ncv=66;tol=1.0e-10,1.8456,473,16,3,-7.966e-15,-2.924e-15,4.839e-15,2.525e-01,1.026e-04,2.525e-01
32,Arpack,nev=16;ncv=66;tol=1.0e-8,2.2569,467,16,3,8.092e-15,1.411e-14,1.798e-14,2.525e-01,1.026e-04,2.525e-01
32,Arpack,nev=16;ncv=66;tol=1.0e-6,1.7570,458,16,3,4.052e-15,1.954e-14,4.093e-14,2.525e-01,1.026e-04,2.525e-01
32,KK-Arnoldi,nev=4;kd=10;tol=1.0e-12,1.9941,407,1,1,-7.582e-16,2.525e-01,8.125e-01,9.256e-01,1.026e-04,2.525e-01
32,KK-Lanczos,nev=4;kd=10;tol=1.0e-12,1.7234,407,1,1,2.116e-15,2.525e-01,8.125e-01,9.256e-01,1.026e-04,2.525e-01
32,KK-Arnoldi,nev=4;kd=10;tol=1.0e-8,1.6416,407,2,1,-7.582e-16,2.525e-01,8.125e-01,9.256e-01,1.026e-04,2.525e-01
32,KK-Lanczos,nev=4;kd=10;tol=1.0e-8,2.0152,407,2,1,2.116e-15,2.525e-01,8.125e-01,9.256e-01,1.026e-04,2.525e-01
32,KK-Arnoldi,nev=4;kd=10;tol=1.0e-6,1.7696,407,2,1,-7.582e-16,2.525e-01,8.125e-01,9.256e-01,1.026e-04,2.525e-01
32,KK-Lanczos,nev=4;kd=10;tol=1.0e-6,1.9813,407,2,1,2.116e-15,2.525e-01,8.125e-01,9.256e-01,1.026e-04,2.525e-01
32,KK-Arnoldi,nev=4;kd=16;tol=1.0e-12,2.0845,412,4,2,-2.341e-14,2.073e-14,2.525e-01,8.125e-01,1.026e-04,2.525e-01
32,KK-Lanczos,nev=4;kd=16;tol=1.0e-12,1.8733,424,4,2,-8.317e-15,2.201e-15,2.525e-01,8.125e-01,1.026e-04,2.525e-01
32,KK-Arnoldi,nev=4;kd=16;tol=1.0e-8,1.9162,364,5,2,-2.506e-14,-1.647e-14,2.525e-01,8.125e-01,1.026e-04,2.525e-01
32,KK-Lanczos,nev=4;kd=16;tol=1.0e-8,1.6415,356,5,2,1.786e-15,6.147e-15,2.525e-01,8.125e-01,1.026e-04,2.525e-01
32,KK-Arnoldi,nev=4;kd=16;tol=1.0e-6,1.9829,356,5,2,-3.471e-14,1.009e-13,2.525e-01,8.125e-01,1.026e-04,2.525e-01
32,KK-Lanczos,nev=4;kd=16;tol=1.0e-6,1.6655,362,5,2,2.027e-15,1.892e-14,2.525e-01,8.125e-01,1.026e-04,2.525e-01
32,KK-Arnoldi,nev=4;kd=64;tol=1.0e-12,1.4277,299,5,2,2.974e-14,3.324e-14,2.525e-01,8.125e-01,1.026e-04,2.525e-01
32,KK-Lanczos,nev=4;kd=64;tol=1.0e-12,1.1677,299,5,2,-2.442e-15,9.963e-17,2.525e-01,8.125e-01,1.026e-04,2.525e-01
32,KK-Arnoldi,nev=4;kd=64;tol=1.0e-8,1.5161,271,5,2,-2.006e-14,-8.397e-15,2.525e-01,8.125e-01,1.026e-04,2.525e-01
32,KK-Lanczos,nev=4;kd=64;tol=1.0e-8,1.1347,271,5,2,-2.852e-15,-2.038e-16,2.525e-01,8.125e-01,1.026e-04,2.525e-01
32,KK-Arnoldi,nev=4;kd=64;tol=1.0e-6,1.2614,269,7,2,-2.416e-14,-1.450e-14,2.525e-01,8.125e-01,1.026e-04,2.525e-01
32,KK-Lanczos,nev=4;kd=64;tol=1.0e-6,1.3599,244,5,2,-8.403e-16,8.293e-14,2.525e-01,8.125e-01,1.026e-04,2.525e-01
32,KK-Arnoldi,nev=8;kd=16;tol=1.0e-12,2.7865,597,8,3,-3.803e-14,-2.842e-14,1.272e-14,2.525e-01,1.026e-04,2.525e-01
32,KK-Lanczos,nev=8;kd=16;tol=1.0e-12,2.7328,591,8,3,-7.998e-15,2.331e-15,1.812e-14,2.525e-01,1.026e-04,2.525e-01
32,KK-Arnoldi,nev=8;kd=16;tol=1.0e-8,2.8260,582,8,3,-1.856e-14,-2.932e-15,-2.932e-15,2.525e-01,1.026e-04,2.525e-01
32,KK-Lanczos,nev=8;kd=16;tol=1.0e-8,2.6450,549,8,3,-7.573e-15,2.442e-15,5.898e-15,2.525e-01,1.026e-04,2.525e-01
32,KK-Arnoldi,nev=8;kd=16;tol=1.0e-6,1.8333,418,9,2,-1.140e-14,-6.375e-15,2.525e-01,8.125e-01,1.026e-04,2.525e-01
32,KK-Lanczos,nev=8;kd=16;tol=1.0e-6,2.1059,438,9,2,-9.670e-16,2.608e-15,2.525e-01,8.125e-01,1.026e-04,2.525e-01
32,KK-Arnoldi,nev=8;kd=32;tol=1.0e-12,0.9559,467,11,3,-4.372e-14,-2.278e-14,9.197e-15,2.525e-01,1.026e-04,2.525e-01
32,KK-Lanczos,nev=8;kd=32;tol=1.0e-12,0.6559,477,11,3,-6.778e-15,-1.554e-15,-9.173e-16,2.525e-01,1.026e-04,2.525e-01
32,KK-Arnoldi,nev=8;kd=32;tol=1.0e-8,0.4850,333,9,2,-4.643e-14,1.114e-14,2.525e-01,8.125e-01,1.026e-04,2.525e-01
32,KK-Lanczos,nev=8;kd=32;tol=1.0e-8,0.5213,342,10,2,-5.388e-15,-1.478e-15,2.525e-01,8.125e-01,1.026e-04,2.525e-01
32,KK-Arnoldi,nev=8;kd=32;tol=1.0e-6,0.4577,305,9,2,-3.500e-14,3.961e-14,2.525e-01,8.125e-01,1.026e-04,2.525e-01
32,KK-Lanczos,nev=8;kd=32;tol=1.0e-6,0.4712,305,9,2,-3.426e-15,-9.675e-16,2.525e-01,8.125e-01,1.026e-04,2.525e-01
32,KK-Arnoldi,nev=8;kd=64;tol=1.0e-12,0.5866,424,12,3,-2.576e-14,4.365e-14,4.464e-14,2.525e-01,1.026e-04,2.525e-01
32,KK-Lanczos,nev=8;kd=64;tol=1.0e-12,0.6590,424,12,3,-2.279e-15,2.662e-16,1.631e-15,2.525e-01,1.026e-04,2.525e-01
32,KK-Arnoldi,nev=8;kd=64;tol=1.0e-8,0.4593,318,10,2,-1.281e-14,-4.305e-15,2.525e-01,8.125e-01,1.026e-04,2.525e-01
32,KK-Lanczos,nev=8;kd=64;tol=1.0e-8,0.5173,318,10,2,-2.553e-15,1.102e-16,2.525e-01,8.125e-01,1.026e-04,2.525e-01
32,KK-Arnoldi,nev=8;kd=64;tol=1.0e-6,0.3768,292,10,2,-2.416e-14,-9.456e-15,2.525e-01,8.125e-01,1.026e-04,2.525e-01
32,KK-Lanczos,nev=8;kd=64;tol=1.0e-6,0.4460,291,10,2,-2.017e-15,9.955e-17,2.525e-01,8.125e-01,1.026e-04,2.525e-01
32,KK-Arnoldi,nev=16;kd=32;tol=1.0e-12,0.8526,531,16,3,-3.699e-14,-2.281e-14,4.506e-15,2.525e-01,1.026e-04,2.525e-01
32,KK-Lanczos,nev=16;kd=32;tol=1.0e-12,0.7531,517,16,3,-6.785e-15,-1.554e-15,-9.173e-16,2.525e-01,1.026e-04,2.525e-01
32,KK-Arnoldi,nev=16;kd=32;tol=1.0e-8,0.7235,442,16,3,-3.233e-14,-3.124e-14,1.045e-14,2.525e-01,1.026e-04,2.525e-01
32,KK-Lanczos,nev=16;kd=32;tol=1.0e-8,0.6942,454,16,3,-9.109e-15,-5.283e-15,-5.551e-17,2.525e-01,1.026e-04,2.525e-01
32,KK-Arnoldi,nev=16;kd=32;tol=1.0e-6,0.6262,421,16,3,-5.966e-14,1.773e-14,7.084e-14,2.525e-01,1.026e-04,2.525e-01
32,KK-Lanczos,nev=16;kd=32;tol=1.0e-6,0.6569,408,16,3,-3.312e-15,-7.433e-16,2.510e-14,2.525e-01,1.026e-04,2.525e-01
32,KK-Arnoldi,nev=16;kd=64;tol=1.0e-12,0.8839,445,16,3,-2.420e-14,4.361e-14,5.972e-14,2.525e-01,1.026e-04,2.525e-01
32,KK-Lanczos,nev=16;kd=64;tol=1.0e-12,0.7587,445,16,3,-1.436e-15,1.110e-15,1.412e-15,2.525e-01,1.026e-04,2.525e-01
32,KK-Arnoldi,nev=16;kd=64;tol=1.0e-8,0.6435,390,16,3,-1.160e-14,-6.711e-15,-5.901e-15,2.525e-01,1.026e-04,2.525e-01
32,KK-Lanczos,nev=16;kd=64;tol=1.0e-8,0.5848,390,16,3,-2.621e-15,-1.811e-16,2.192e-15,2.525e-01,1.026e-04,2.525e-01
32,KK-Arnoldi,nev=16;kd=64;tol=1.0e-6,0.7288,386,18,3,-4.533e-14,-1.026e-14,-8.991e-15,2.525e-01,1.026e-04,2.525e-01
32,KK-Lanczos,nev=16;kd=64;tol=1.0e-6,0.6256,385,18,3,-2.541e-15,-9.010e-17,5.899e-15,2.525e-01,1.026e-04,2.525e-01
32,KK-Arnoldi,nev=16;kd=64;tol=1.0e-12,0.7510,445,16,3,-2.420e-14,4.361e-14,5.972e-14,2.525e-01,1.026e-04,2.525e-01
32,KK-Lanczos,nev=16;kd=64;tol=1.0e-12,0.6405,445,16,3,-1.436e-15,1.110e-15,1.412e-15,2.525e-01,1.026e-04,2.525e-01
32,KK-Arnoldi,nev=16;kd=64;tol=1.0e-8,0.5984,390,16,3,-1.160e-14,-6.711e-15,-5.901e-15,2.525e-01,1.026e-04,2.525e-01
32,KK-Lanczos,nev=16;kd=64;tol=1.0e-8,0.5710,390,16,3,-2.621e-15,-1.811e-16,2.192e-15,2.525e-01,1.026e-04,2.525e-01
32,KK-Arnoldi,nev=16;kd=64;tol=1.0e-6,0.6594,386,18,3,-4.533e-14,-1.026e-14,-8.991e-15,2.525e-01,1.026e-04,2.525e-01
32,KK-Lanczos,nev=16;kd=64;tol=1.0e-6,0.5923,385,18,3,-2.541e-15,-9.010e-17,5.899e-15,2.525e-01,1.026e-04,2.525e-01
36,Arpack,nev=4;ncv=20;tol=0.0,2.7832,894,4,3,-1.932e-14,-1.415e-14,3.415e-15,7.876e-02,1.226e-04,7.876e-02
36,Arpack,nev=4;ncv=20;tol=1.0e-10,2.5459,755,4,3,-6.615e-15,7.628e-16,8.344e-15,7.876e-02,1.226e-04,7.876e-02
36,Arpack,nev=4;ncv=20;tol=1.0e-8,1.8000,563,4,2,3.097e-15,1.448e-14,7.876e-02,3.395e-01,1.226e-04,7.876e-02
36,Arpack,nev=4;ncv=20;tol=1.0e-6,2.3052,762,4,3,-7.781e-15,7.730e-15,1.345e-14,7.876e-02,1.226e-04,7.876e-02
36,Arpack,nev=4;ncv=40;tol=0.0,2.4962,792,4,3,-6.864e-15,-5.815e-15,7.577e-15,7.876e-02,1.226e-04,7.876e-02
36,Arpack,nev=4;ncv=40;tol=1.0e-10,2.3994,724,4,3,-2.153e-14,-2.607e-15,4.072e-15,7.876e-02,1.226e-04,7.876e-02
36,Arpack,nev=4;ncv=40;tol=1.0e-8,2.3587,690,4,3,-2.318e-14,-6.995e-15,1.811e-14,7.876e-02,1.226e-04,7.876e-02
36,Arpack,nev=4;ncv=40;tol=1.0e-6,2.5866,687,4,3,-1.914e-14,-5.384e-15,2.460e-14,7.876e-02,1.226e-04,7.876e-02
36,Arpack,nev=8;ncv=20;tol=0.0,10.4555,756,8,3,2.141e-15,4.617e-15,8.397e-15,7.876e-02,1.226e-04,7.876e-02
36,Arpack,nev=8;ncv=20;tol=1.0e-10,8.8429,737,8,3,1.219e-16,8.643e-15,1.018e-14,7.876e-02,1.226e-04,7.876e-02
36,Arpack,nev=8;ncv=20;tol=1.0e-8,8.4613,694,8,3,-7.858e-15,-4.897e-15,1.214e-15,7.876e-02,1.226e-04,7.876e-02
36,Arpack,nev=8;ncv=20;tol=1.0e-6,12.8760,658,8,3,-1.230e-14,-6.585e-15,2.178e-15,7.876e-02,1.226e-04,7.876e-02
36,Arpack,nev=8;ncv=40;tol=0.0,9.8257,685,8,3,-4.704e-15,2.196e-15,8.927e-15,7.876e-02,1.226e-04,7.876e-02
36,Arpack,nev=8;ncv=40;tol=1.0e-10,3.5541,614,8,3,-5.618e-15,-2.403e-15,1.715e-14,7.876e-02,1.226e-04,7.876e-02
36,Arpack,nev=8;ncv=40;tol=1.0e-8,8.1628,584,8,3,-4.274e-15,-2.037e-15,2.783e-14,7.876e-02,1.226e-04,7.876e-02
36,Arpack,nev=8;ncv=40;tol=1.0e-6,14.8432,577,8,3,-1.536e-14,7.275e-15,1.022e-14,7.876e-02,1.226e-04,7.876e-02
36,Arpack,nev=16;ncv=33;tol=0.0,35.3917,597,16,3,-6.692e-15,4.236e-15,2.101e-14,7.876e-02,1.226e-04,7.876e-02
36,Arpack,nev=16;ncv=33;tol=1.0e-10,35.7195,544,16,3,-4.484e-15,2.684e-15,3.053e-15,7.876e-02,1.226e-04,7.876e-02
36,Arpack,nev=16;ncv=33;tol=1.0e-8,42.3139,538,16,3,-5.081e-15,6.145e-15,1.147e-14,7.876e-02,1.226e-04,7.876e-02
36,Arpack,nev=16;ncv=33;tol=1.0e-6,48.6571,515,16,3,-1.598e-14,5.137e-16,7.108e-15,7.876e-02,1.226e-04,7.876e-02
36,Arpack,nev=16;ncv=66;tol=0.0,53.2817,560,16,3,-4.890e-14,-6.654e-15,3.255e-14,7.876e-02,1.226e-04,7.876e-02
36,Arpack,nev=16;ncv=66;tol=1.0e-10,35.0993,504,16,3,-1.814e-14,-2.093e-15,7.275e-15,7.876e-02,1.226e-04,7.876e-02
36,Arpack,nev=16;ncv=66;tol=1.0e-8,14.0893,496,16,3,2.487e-15,1.477e-14,4.696e-14,7.876e-02,1.226e-04,7.876e-02
36,Arpack,nev=16;ncv=66;tol=1.0e-6,9.8644,453,16,3,-8.910e-15,-1.253e-15,6.768e-15,7.876e-02,1.226e-04,7.876e-02
36,KK-Arnoldi,nev=4;kd=10;tol=1.0e-12,11.0686,407,0,1,-9.018e-15,7.876e-02,3.395e-01,4.622e-01,1.226e-04,7.876e-02
36,KK-Lanczos,nev=4;kd=10;tol=1.0e-12,10.4997,407,0,1,6.535e-15,7.876e-02,3.395e-01,4.622e-01,1.226e-04,7.876e-02
36,KK-Arnoldi,nev=4;kd=10;tol=1.0e-8,3.8041,407,2,1,-9.018e-15,7.876e-02,3.395e-01,4.622e-01,1.226e-04,7.876e-02
36,KK-Lanczos,nev=4;kd=10;tol=1.0e-8,4.2641,407,2,1,6.535e-15,7.876e-02,3.395e-01,4.622e-01,1.226e-04,7.876e-02
36,KK-Arnoldi,nev=4;kd=10;tol=1.0e-6,3.5930,346,4,1,1.568e-15,7.876e-02,3.395e-01,4.622e-01,1.226e-04,7.876e-02
36,KK-Lanczos,nev=4;kd=10;tol=1.0e-6,6.9530,346,4,1,6.530e-15,7.876e-02,3.395e-01,4.622e-01,1.226e-04,7.876e-02
36,KK-Arnoldi,nev=4;kd=16;tol=1.0e-12,12.4330,451,5,2,-5.347e-14,-1.088e-14,7.876e-02,3.395e-01,1.226e-04,7.876e-02
36,KK-Lanczos,nev=4;kd=16;tol=1.0e-12,15.1893,459,5,2,-5.617e-15,1.705e-15,7.876e-02,3.395e-01,1.226e-04,7.876e-02
36,KK-Arnoldi,nev=4;kd=16;tol=1.0e-8,6.3996,265,4,1,1.596e-15,7.876e-02,3.395e-01,4.622e-01,1.226e-04,7.876e-02
36,KK-Lanczos,nev=4;kd=16;tol=1.0e-8,5.8803,265,4,1,1.690e-15,7.876e-02,3.395e-01,4.622e-01,1.226e-04,7.876e-02
36,KK-Arnoldi,nev=4;kd=16;tol=1.0e-6,3.8257,206,4,1,-2.418e-14,7.876e-02,3.395e-01,4.622e-01,1.226e-04,7.876e-02
36,KK-Lanczos,nev=4;kd=16;tol=1.0e-6,4.2069,206,4,1,1.662e-15,7.876e-02,3.395e-01,4.622e-01,1.226e-04,7.876e-02
36,KK-Arnoldi,nev=4;kd=64;tol=1.0e-12,10.1367,324,9,2,-2.502e-14,-1.906e-14,7.876e-02,3.395e-01,1.226e-04,7.876e-02
36,KK-Lanczos,nev=4;kd=64;tol=1.0e-12,11.3749,324,9,2,-4.375e-15,-9.689e-16,7.876e-02,3.395e-01,1.226e-04,7.876e-02
36,KK-Arnoldi,nev=4;kd=64;tol=1.0e-8,8.6015,194,4,1,-5.904e-14,7.876e-02,3.395e-01,4.622e-01,1.226e-04,7.876e-02
36,KK-Lanczos,nev=4;kd=64;tol=1.0e-8,8.9171,194,4,1,-9.481e-16,7.876e-02,3.395e-01,4.622e-01,1.226e-04,7.876e-02
36,KK-Arnoldi,nev=4;kd=64;tol=1.0e-6,7.7854,168,4,1,-6.661e-14,7.876e-02,3.395e-01,4.622e-01,1.226e-04,7.876e-02
36,KK-Lanczos,nev=4;kd=64;tol=1.0e-6,7.2065,168,4,1,-9.026e-16,7.876e-02,3.395e-01,4.622e-01,1.226e-04,7.876e-02
36,KK-Arnoldi,nev=8;kd=16;tol=1.0e-12,28.0716,638,9,3,-5.386e-14,-1.362e-14,3.754e-14,7.876e-02,1.226e-04,7.876e-02
36,KK-Lanczos,nev=8;kd=16;tol=1.0e-12,7.9328,624,9,3,-5.446e-15,2.109e-15,6.509e-15,7.876e-02,1.226e-04,7.876e-02
36,KK-Arnoldi,nev=8;kd=16;tol=1.0e-8,6.0733,439,9,2,-1.122e-14,1.777e-15,7.876e-02,3.395e-01,1.226e-04,7.876e-02
36,KK-Lanczos,nev=8;kd=16;tol=1.0e-8,8.7967,436,9,2,-1.435e-14,1.708e-15,7.876e-02,3.395e-01,1.226e-04,7.876e-02
36,KK-Arnoldi,nev=8;kd=16;tol=1.0e-6,7.5245,386,9,2,-5.616e-14,1.759e-14,7.876e-02,3.395e-01,1.226e-04,7.876e-02
36,KK-Lanczos,nev=8;kd=16;tol=1.0e-6,7.3283,381,9,2,-4.625e-15,1.695e-15,7.876e-02,3.395e-01,1.226e-04,7.876e-02
36,KK-Arnoldi,nev=8;kd=32;tol=1.0e-12,5.7161,355,9,2,-7.203e-14,-1.847e-14,7.876e-02,3.395e-01,1.226e-04,7.876e-02
36,KK-Lanczos,nev=8;kd=32;tol=1.0e-12,6.5940,368,9,2,-5.386e-16,3.918e-15,7.876e-02,3.395e-01,1.226e-04,7.876e-02
36,KK-Arnoldi,nev=8;kd=32;tol=1.0e-8,7.1878,325,9,2,-7.642e-14,-2.412e-15,7.876e-02,3.395e-01,1.226e-04,7.876e-02
36,KK-Lanczos,nev=8;kd=32;tol=1.0e-8,7.4983,338,9,2,-2.166e-14,3.897e-15,7.876e-02,3.395e-01,1.226e-04,7.876e-02
36,KK-Arnoldi,nev=8;kd=32;tol=1.0e-6,7.0023,310,9,2,1.375e-14,1.619e-14,7.876e-02,3.395e-01,1.226e-04,7.876e-02
36,KK-Lanczos,nev=8;kd=32;tol=1.0e-6,5.1062,310,9,2,3.823e-15,1.154e-14,7.876e-02,3.395e-01,1.226e-04,7.876e-02
36,KK-Arnoldi,nev=8;kd=64;tol=1.0e-12,7.0137,324,9,2,-2.502e-14,-1.906e-14,7.876e-02,3.395e-01,1.226e-04,7.876e-02
36,KK-Lanczos,nev=8;kd=64;tol=1.0e-12,6.7385,324,9,2,-4.375e-15,-9.689e-16,7.876e-02,3.395e-01,1.226e-04,7.876e-02
36,KK-Arnoldi,nev=8;kd=64;tol=1.0e-8,3.5873,294,9,2,-8.712e-14,-1.657e-14,7.876e-02,3.395e-01,1.226e-04,7.876e-02
36,KK-Lanczos,nev=8;kd=64;tol=1.0e-8,4.3819,294,9,2,-2.741e-15,-8.770e-16,7.876e-02,3.395e-01,1.226e-04,7.876e-02
36,KK-Arnoldi,nev=8;kd=64;tol=1.0e-6,5.8208,292,10,2,-5.155e-14,1.634e-14,7.876e-02,3.395e-01,1.226e-04,7.876e-02
36,KK-Lanczos,nev=8;kd=64;tol=1.0e-6,5.6545,292,10,2,-1.059e-15,3.105e-16,7.876e-02,3.395e-01,1.226e-04,7.876e-02
36,KK-Arnoldi,nev=16;kd=32;tol=1.0e-12,10.6449,487,18,3,-7.304e-14,-2.597e-14,3.084e-14,7.876e-02,1.226e-04,7.876e-02
36,KK-Lanczos,nev=16;kd=32;tol=1.0e-12,10.2595,490,17,3,-2.095e-15,-5.288e-16,5.552e-15,7.876e-02,1.226e-04,7.876e-02
36,KK-Arnoldi,nev=16;kd=32;tol=1.0e-8,10.2052,452,20,3,-8.189e-14,-4.397e-15,2.694e-14,7.876e-02,1.226e-04,7.876e-02
36,KK-Lanczos,nev=16;kd=32;tol=1.0e-8,10.1802,454,19,3,-2.208e-14,-1.102e-14,5.551e-15,7.876e-02,1.226e-04,7.876e-02
36,KK-Arnoldi,nev=16;kd=32;tol=1.0e-6,6.9829,356,17,2,1.144e-14,2.459e-14,7.876e-02,3.395e-01,1.226e-04,7.876e-02
36,KK-Lanczos,nev=16;kd=32;tol=1.0e-6,4.6365,364,17,2,3.129e-15,3.939e-15,7.876e-02,3.395e-01,1.226e-04,7.876e-02
36,KK-Arnoldi,nev=16;kd=64;tol=1.0e-12,5.5781,423,24,3,-2.479e-14,-2.362e-14,-2.350e-14,7.876e-02,1.226e-04,7.876e-02
36,KK-Lanczos,nev=16;kd=64;tol=1.0e-12,7.6737,419,24,3,-3.529e-15,-9.742e-16,2.148e-14,7.876e-02,1.226e-04,7.876e-02
36,KK-Arnoldi,nev=16;kd=64;tol=1.0e-8,8.7814,387,24,3,-1.029e-13,2.465e-14,4.069e-14,7.876e-02,1.226e-04,7.876e-02
36,KK-Lanczos,nev=16;kd=64;tol=1.0e-8,6.0658,338,20,2,-2.969e-15,-8.314e-16,7.876e-02,3.395e-01,1.226e-04,7.876e-02
36,KK-Arnoldi,nev=16;kd=64;tol=1.0e-6,6.3967,314,20,2,-7.632e-14,5.470e-15,7.876e-02,3.395e-01,1.226e-04,7.876e-02
36,KK-Lanczos,nev=16;kd=64;tol=1.0e-6,7.3113,314,20,2,-8.671e-16,6.885e-16,7.876e-02,3.395e-01,1.226e-04,7.876e-02
36,KK-Arnoldi,nev=16;kd=64;tol=1.0e-12,10.9938,423,24,3,-2.479e-14,-2.362e-14,-2.350e-14,7.876e-02,1.226e-04,7.876e-02
36,KK-Lanczos,nev=16;kd=64;tol=1.0e-12,8.9237,419,24,3,-3.529e-15,-9.742e-16,2.148e-14,7.876e-02,1.226e-04,7.876e-02
36,KK-Arnoldi,nev=16;kd=64;tol=1.0e-8,8.6808,387,24,3,-1.029e-13,2.465e-14,4.069e-14,7.876e-02,1.226e-04,7.876e-02
36,KK-Lanczos,nev=16;kd=64;tol=1.0e-8,6.4026,338,20,2,-2.969e-15,-8.314e-16,7.876e-02,3.395e-01,1.226e-04,7.876e-02
36,KK-Arnoldi,nev=16;kd=64;tol=1.0e-6,4.5991,314,20,2,-7.632e-14,5.470e-15,7.876e-02,3.395e-01,1.226e-04,7.876e-02
36,KK-Lanczos,nev=16;kd=64;tol=1.0e-6,6.2148,314,20,2,-8.671e-16,6.885e-16,7.876e-02,3.395e-01,1.226e-04,7.876e-02
40,Arpack,nev=4;ncv=20;tol=0.0,24.9898,826,4,3,-6.224e-15,-7.897e-17,6.318e-15,4.247e-01,1.639e-04,4.247e-01
40,Arpack,nev=4;ncv=20;tol=1.0e-10,31.5026,696,4,3,3.122e-15,4.484e-15,2.726e-14,4.247e-01,1.639e-04,4.247e-01
40,Arpack,nev=4;ncv=20;tol=1.0e-8,30.1013,681,4,3,-1.508e-14,4.030e-15,6.085e-14,4.247e-01,1.639e-04,4.247e-01
40,Arpack,nev=4;ncv=20;tol=1.0e-6,16.5040,640,4,3,-2.434e-14,4.807e-15,5.654e-15,4.247e-01,1.639e-04,4.247e-01
40,Arpack,nev=4;ncv=40;tol=0.0,16.1582,849,4,3,-2.320e-14,-1.985e-14,6.105e-15,4.247e-01,1.639e-04,4.247e-01
40,Arpack,nev=4;ncv=40;tol=1.0e-10,12.3683,746,4,3,-1.816e-14,1.336e-16,2.021e-14,4.247e-01,1.639e-04,4.247e-01
40,Arpack,nev=4;ncv=40;tol=1.0e-8,20.3811,664,4,3,4.409e-29,1.628e-14,4.857e-14,4.247e-01,1.639e-04,4.247e-01
40,Arpack,nev=4;ncv=40;tol=1.0e-6,17.8363,678,4,3,-5.283e-15,3.870e-15,1.262e-14,4.247e-01,1.639e-04,4.247e-01
40,Arpack,nev=8;ncv=20;tol=0.0,26.5274,731,8,3,-3.372e-15,9.566e-15,1.013e-14,4.247e-01,1.639e-04,4.247e-01
40,Arpack,nev=8;ncv=20;tol=1.0e-10,31.1043,689,8,3,-1.096e-14,-6.122e-15,8.445e-15,4.247e-01,1.639e-04,4.247e-01
40,Arpack,nev=8;ncv=20;tol=1.0e-8,24.4318,666,8,3,-1.238e-14,-6.906e-15,9.655e-15,4.247e-01,1.639e-04,4.247e-01
40,Arpack,nev=8;ncv=20;tol=1.0e-6,15.8895,616,8,3,-5.730e-15,-4.072e-15,7.611e-15,4.247e-01,1.639e-04,4.247e-01
40,Arpack,nev=8;ncv=40;tol=0.0,11.4528,657,8,3,-1.978e-14,4.045e-15,1.290e-14,4.247e-01,1.639e-04,4.247e-01
40,Arpack,nev=8;ncv=40;tol=1.0e-10,12.5731,589,8,3,-1.823e-14,2.029e-14,3.224e-14,4.247e-01,1.639e-04,4.247e-01
40,Arpack,nev=8;ncv=40;tol=1.0e-8,7.7556,557,8,3,-1.234e-13,-7.413e-15,2.765e-14,4.247e-01,1.639e-04,4.247e-01
40,Arpack,nev=8;ncv=40;tol=1.0e-6,5.4316,527,8,3,-7.473e-15,1.581e-15,3.719e-14,4.247e-01,1.639e-04,4.247e-01
40,Arpack,nev=16;ncv=33;tol=0.0,8.7872,622,16,3,-5.483e-15,2.780e-15,5.274e-15,4.247e-01,1.639e-04,4.247e-01
40,Arpack,nev=16;ncv=33;tol=1.0e-10,9.8924,567,16,3,3.680e-15,6.378e-15,1.899e-14,4.247e-01,1.639e-04,4.247e-01
40,Arpack,nev=16;ncv=33;tol=1.0e-8,9.8613,552,16,3,-1.293e-14,-1.272e-15,1.517e-14,4.247e-01,1.639e-04,4.247e-01
40,Arpack,nev=16;ncv=33;tol=1.0e-6,9.7483,536,16,3,-2.759e-14,-4.346e-15,3.601e-15,4.247e-01,1.639e-04,4.247e-01
40,Arpack,nev=16;ncv=66;tol=0.0,11.2462,567,16,3,-3.992e-15,1.638e-14,3.925e-14,4.247e-01,1.639e-04,4.247e-01
40,Arpack,nev=16;ncv=66;tol=1.0e-10,20.1053,545,16,3,-3.406e-14,-1.127e-14,-1.221e-15,4.247e-01,1.639e-04,4.247e-01
40,Arpack,nev=16;ncv=66;tol=1.0e-8,24.7714,506,16,3,-4.456e-15,1.820e-14,2.992e-14,4.247e-01,1.639e-04,4.247e-01
40,Arpack,nev=16;ncv=66;tol=1.0e-6,21.9364,467,16,3,-5.754e-14,2.517e-14,6.273e-14,4.247e-01,1.639e-04,4.247e-01
40,KK-Arnoldi,nev=4;kd=10;tol=1.0e-12,22.0724,407,1,1,-3.690e-14,4.247e-01,5.806e-01,1.068e+00,1.639e-04,4.247e-01
40,KK-Lanczos,nev=4;kd=10;tol=1.0e-12,21.1102,407,1,1,6.027e-15,4.247e-01,5.806e-01,1.068e+00,1.639e-04,4.247e-01
40,KK-Arnoldi,nev=4;kd=10;tol=1.0e-8,22.4593,407,2,1,-3.690e-14,4.247e-01,5.806e-01,1.068e+00,1.639e-04,4.247e-01
40,KK-Lanczos,nev=4;kd=10;tol=1.0e-8,18.7943,407,2,1,6.027e-15,4.247e-01,5.806e-01,1.068e+00,1.639e-04,4.247e-01
40,KK-Arnoldi,nev=4;kd=10;tol=1.0e-6,18.0087,392,3,1,-3.203e-14,4.247e-01,5.806e-01,1.064e+00,1.639e-04,4.247e-01
40,KK-Lanczos,nev=4;kd=10;tol=1.0e-6,19.7607,392,3,1,6.027e-15,4.247e-01,5.806e-01,1.064e+00,1.639e-04,4.247e-01
40,KK-Arnoldi,nev=4;kd=16;tol=1.0e-12,22.2222,446,4,2,1.316e-14,3.758e-14,4.247e-01,5.806e-01,1.639e-04,4.247e-01
40,KK-Lanczos,nev=4;kd=16;tol=1.0e-12,19.0509,422,4,2,4.429e-15,2.782e-14,4.247e-01,5.806e-01,1.639e-04,4.247e-01
40,KK-Arnoldi,nev=4;kd=16;tol=1.0e-8,18.5983,395,4,2,1.328e-14,5.736e-14,4.247e-01,5.806e-01,1.639e-04,4.247e-01
40,KK-Lanczos,nev=4;kd=16;tol=1.0e-8,20.6074,412,4,2,-5.217e-16,4.471e-15,4.247e-01,5.806e-01,1.639e-04,4.247e-01
40,KK-Arnoldi,nev=4;kd=16;tol=1.0e-6,16.5595,388,7,2,-1.949e-14,9.576e-14,4.247e-01,5.806e-01,1.639e-04,4.247e-01
40,KK-Lanczos,nev=4;kd=16;tol=1.0e-6,16.4476,387,4,2,4.435e-15,7.748e-14,4.247e-01,5.806e-01,1.639e-04,4.247e-01
40,KK-Arnoldi,nev=4;kd=64;tol=1.0e-12,12.3526,325,7,2,-6.698e-14,-3.291e-14,4.247e-01,5.806e-01,1.639e-04,4.247e-01
40,KK-Lanczos,nev=4;kd=64;tol=1.0e-12,14.6280,325,7,2,2.564e-15,4.283e-15,4.247e-01,5.806e-01,1.639e-04,4.247e-01
40,KK-Arnoldi,nev=4;kd=64;tol=1.0e-8,13.0316,297,7,2,-9.032e-14,-5.793e-14,4.247e-01,5.806e-01,1.639e-04,4.247e-01
40,KK-Lanczos,nev=4;kd=64;tol=1.0e-8,13.9410,297,7,2,5.111e-16,2.697e-15,4.247e-01,5.806e-01,1.639e-04,4.247e-01
40,KK-Arnoldi,nev=4;kd=64;tol=1.0e-6,12.7348,270,7,2,-2.585e-14,4.255e-14,4.247e-01,5.806e-01,1.639e-04,4.247e-01
40,KK-Lanczos,nev=4;kd=64;tol=1.0e-6,11.0440,270,7,2,2.584e-15,4.881e-15,4.247e-01,5.806e-01,1.639e-04,4.247e-01
40,KK-Arnoldi,nev=8;kd=16;tol=1.0e-12,28.3298,638,8,3,1.515e-14,2.596e-14,3.823e-14,4.247e-01,1.639e-04,4.247e-01
40,KK-Lanczos,nev=8;kd=16;tol=1.0e-12,29.5251,648,1,3,5.440e-15,6.314e-15,2.785e-14,4.247e-01,1.639e-04,4.247e-01
40,KK-Arnoldi,nev=8;kd=16;tol=1.0e-8,12.4922,541,9,3,3.711e-14,4.752e-14,6.685e-14,4.247e-01,1.639e-04,4.247e-01
40,KK-Lanczos,nev=8;kd=16;tol=1.0e-8,16.7132,578,8,3,-1.686e-15,2.114e-16,5.217e-15,4.247e-01,1.639e-04,4.247e-01
40,KK-Arnoldi,nev=8;kd=16;tol=1.0e-6,16.6680,553,2,3,-4.700e-20,1.060e-13,5.057e-08,4.247e-01,1.639e-04,4.247e-01
40,KK-Lanczos,nev=8;kd=16;tol=1.0e-6,21.1047,566,9,3,-2.715e-14,4.996e-15,5.287e-15,4.247e-01,1.639e-04,4.247e-01
40,KK-Arnoldi,nev=8;kd=32;tol=1.0e-12,21.6509,490,11,3,-1.127e-14,5.777e-15,6.475e-14,4.247e-01,1.639e-04,4.247e-01
40,KK-Lanczos,nev=8;kd=32;tol=1.0e-12,16.2634,493,11,3,-1.800e-14,-1.419e-15,6.661e-15,4.247e-01,1.639e-04,4.247e-01
40,KK-Arnoldi,nev=8;kd=32;tol=1.0e-8,12.9700,345,8,2,-1.280e-14,4.382e-14,4.247e-01,5.806e-01,1.639e-04,4.247e-01
40,KK-Lanczos,nev=8;kd=32;tol=1.0e-8,14.3102,345,8,2,4.425e-15,2.156e-14,4.247e-01,5.806e-01,1.639e-04,4.247e-01
40,KK-Arnoldi,nev=8;kd=32;tol=1.0e-6,12.0768,317,8,2,-4.574e-14,-1.150e-14,4.247e-01,5.806e-01,1.639e-04,4.247e-01
40,KK-Lanczos,nev=8;kd=32;tol=1.0e-6,13.1006,317,8,2,-4.256e-15,4.445e-15,4.247e-01,5.806e-01,1.639e-04,4.247e-01
40,KK-Arnoldi,nev=8;kd=64;tol=1.0e-12,17.6686,450,16,3,-8.527e-14,-3.231e-14,2.035e-14,4.247e-01,1.639e-04,4.247e-01
40,KK-Lanczos,nev=8;kd=64;tol=1.0e-12,18.6537,448,16,3,-4.062e-15,2.724e-15,3.942e-15,4.247e-01,1.639e-04,4.247e-01
40,KK-Arnoldi,nev=8;kd=64;tol=1.0e-8,13.7569,320,8,2,-6.331e-14,-4.713e-14,4.247e-01,5.806e-01,1.639e-04,4.247e-01
40,KK-Lanczos,nev=8;kd=64;tol=1.0e-8,11.1871,320,8,2,3.732e-16,2.637e-15,4.247e-01,5.806e-01,1.639e-04,4.247e-01
40,KK-Arnoldi,nev=8;kd=64;tol=1.0e-6,3.1343,293,8,2,-2.892e-14,3.986e-14,4.247e-01,5.806e-01,1.639e-04,4.247e-01
40,KK-Lanczos,nev=8;kd=64;tol=1.0e-6,2.8796,293,8,2,-2.165e-15,2.608e-15,4.247e-01,5.806e-01,1.639e-04,4.247e-01
40,KK-Arnoldi,nev=16;kd=32;tol=1.0e-12,5.5182,553,16,3,-8.859e-15,2.994e-14,4.702e-14,4.247e-01,1.639e-04,4.247e-01
40,KK-Lanczos,nev=16;kd=32;tol=1.0e-12,5.3828,549,16,3,-1.787e-14,-1.431e-15,6.883e-15,4.247e-01,1.639e-04,4.247e-01
40,KK-Arnoldi,nev=16;kd=32;tol=1.0e-8,5.9416,470,16,3,1.570e-14,2.838e-14,7.521e-14,4.247e-01,1.639e-04,4.247e-01
40,KK-Lanczos,nev=16;kd=32;tol=1.0e-8,7.7226,476,16,3,-7.653e-15,5.329e-15,2.196e-14,4.247e-01,1.639e-04,4.247e-01
40,KK-Arnoldi,nev=16;kd=32;tol=1.0e-6,6.8482,444,16,3,-8.111e-14,-2.782e-14,-6.491e-18,4.247e-01,1.639e-04,4.247e-01
40,KK-Lanczos,nev=16;kd=32;tol=1.0e-6,11.3522,444,16,3,-4.145e-15,1.354e-15,6.422e-15,4.247e-01,1.639e-04,4.247e-01
40,KK-Arnoldi,nev=16;kd=64;tol=1.0e-12,17.4136,450,16,3,-8.527e-14,-3.231e-14,2.035e-14,4.247e-01,1.639e-04,4.247e-01
40,KK-Lanczos,nev=16;kd=64;tol=1.0e-12,4.5821,448,16,3,-4.062e-15,2.724e-15,3.942e-15,4.247e-01,1.639e-04,4.247e-01
40,KK-Arnoldi,nev=16;kd=64;tol=1.0e-8,4.1899,416,16,3,-1.391e-13,-2.841e-14,-2.037e-15,4.247e-01,1.639e-04,4.247e-01
40,KK-Lanczos,nev=16;kd=64;tol=1.0e-8,3.9079,416,16,3,-4.723e-15,-1.716e-16,2.664e-15,4.247e-01,1.639e-04,4.247e-01
40,KK-Arnoldi,nev=16;kd=64;tol=1.0e-6,3.9157,411,18,3,-2.484e-15,-1.956e-17,1.245e-14,4.247e-01,1.639e-04,4.247e-01
40,KK-Lanczos,nev=16;kd=64;tol=1.0e-6,3.6961,411,18,3,-2.414e-15,2.600e-15,4.173e-15,4.247e-01,1.639e-04,4.247e-01
40,KK-Arnoldi,nev=16;kd=64;tol=1.0e-12,4.3445,450,16,3,-8.527e-14,-3.231e-14,2.035e-14,4.247e-01,1.639e-04,4.247e-01
40,KK-Lanczos,nev=16;kd=64;tol=1.0e-12,4.0359,448,16,3,-4.062e-15,2.724e-15,3.942e-15,4.247e-01,1.639e-04,4.247e-01
40,KK-Arnoldi,nev=16;kd=64;tol=1.0e-8,2.9453,416,16,3,-1.391e-13,-2.841e-14,-2.037e-15,4.247e-01,1.639e-04,4.247e-01
40,KK-Lanczos,nev=16;kd=64;tol=1.0e-8,1.6939,416,16,3,-4.723e-15,-1.716e-16,2.664e-15,4.247e-01,1.639e-04,4.247e-01
40,KK-Arnoldi,nev=16;kd=64;tol=1.0e-6,1.9527,411,18,3,-2.484e-15,-1.956e-17,1.245e-14,4.247e-01,1.639e-04,4.247e-01
40,KK-Lanczos,nev=16;kd=64;tol=1.0e-6,1.7535,411,18,3,-2.414e-15,2.600e-15,4.173e-15,4.247e-01,1.639e-04,4.247e-01
