d,seed,strategy,seconds,matvecs,nbelow,max_null_resid_rel,next_over_lmax,extra
32,1,Arpack nev4 ncv20 tol1e-10,17.123,683,3,5.18e-16,8.12e-05,
32,1,Arpack nev4 ncv64 tol1e-10,20.561,687,3,8.80e-16,8.12e-05,
32,1,Arpack nev4 ncv128 tol1e-10,24.267,723,3,5.68e-16,8.12e-05,
32,1,Arpack nev16 ncv33 tol1e-10,18.214,496,3,4.94e-16,8.12e-05,
32,1,Arpack nev16 ncv128 tol1e-10,18.963,444,3,8.65e-16,8.12e-05,
32,1,KK-Lanczos nev4 kd32 tol1e-10,8.015,213,1,5.62e-16,8.12e-05,
32,1,KK-Lanczos nev4 kd128 tol1e-10,7.484,181,1,5.20e-16,8.12e-05,
32,1,KK-Lanczos nev4 kd256 tol1e-10,10.585,257,2,2.45e-15,8.12e-05,
32,1,KK-Lanczos nev16 kd64 tol1e-10,15.992,369,3,9.39e-16,8.12e-05,
32,1,KK-deflated nev2 kd32 tol1e-10,37.635,743,3,3.60e-14,8.12e-05,4
32,1,KK-deflated nev4 kd64 tol1e-10,32.201,826,3,5.30e-16,8.12e-05,4
32,1,KK-block b2 nev4 kd64 tol1e-10,9.523,299,2,1.37e-15,8.12e-05,
32,1,KK-block b4 nev4 kd64 tol1e-10,17.320,429,3,1.34e-13,8.12e-05,
32,1,KK-block b4 nev4 kd128 tol1e-10,11.132,389,3,3.35e-14,8.12e-05,
32,1,KK-block b8 nev8 kd128 tol1e-10,7.294,689,3,1.12e-15,8.12e-05,
32,2,Arpack nev4 ncv20 tol1e-10,6.727,759,4,6.09e-07,NaN,
32,2,Arpack nev4 ncv64 tol1e-10,11.403,865,4,6.09e-07,NaN,
32,2,Arpack nev4 ncv128 tol1e-10,9.088,728,4,6.09e-07,NaN,
32,2,Arpack nev16 ncv33 tol1e-10,4.895,491,4,6.09e-07,4.57e-03,
32,2,Arpack nev16 ncv128 tol1e-10,2.118,443,4,6.09e-07,4.57e-03,
32,2,KK-Lanczos nev4 kd32 tol1e-10,0.904,201,2,6.09e-07,4.57e-03,
32,2,KK-Lanczos nev4 kd128 tol1e-10,1.517,181,2,6.09e-07,4.57e-03,
32,2,KK-Lanczos nev4 kd256 tol1e-10,2.503,360,4,6.09e-07,4.57e-03,
32,2,KK-Lanczos nev16 kd64 tol1e-10,1.610,392,4,6.09e-07,4.57e-03,
32,2,KK-deflated nev2 kd32 tol1e-10,5.409,769,4,6.09e-07,4.57e-03,4
32,2,KK-deflated nev4 kd64 tol1e-10,8.066,661,4,6.09e-07,4.57e-03,3
32,2,KK-block b2 nev4 kd64 tol1e-10,3.590,299,3,6.09e-07,4.57e-03,
32,2,KK-block b4 nev4 kd64 tol1e-10,7.379,429,4,6.09e-07,NaN,
32,2,KK-block b4 nev4 kd128 tol1e-10,6.268,389,4,6.09e-07,NaN,
32,2,KK-block b8 nev8 kd128 tol1e-10,11.295,689,4,6.09e-07,4.57e-03,
32,3,Arpack nev4 ncv20 tol1e-10,7.160,662,3,6.29e-16,3.40e-03,
32,3,Arpack nev4 ncv64 tol1e-10,6.322,648,3,8.80e-16,3.40e-03,
32,3,Arpack nev4 ncv128 tol1e-10,6.313,608,3,1.09e-15,3.40e-03,
32,3,Arpack nev16 ncv33 tol1e-10,8.397,423,3,7.77e-16,3.40e-03,
32,3,Arpack nev16 ncv128 tol1e-10,6.959,440,3,9.00e-16,3.40e-03,
32,3,KK-Lanczos nev4 kd32 tol1e-10,4.654,265,2,2.50e-14,3.40e-03,
32,3,KK-Lanczos nev4 kd128 tol1e-10,5.856,232,2,3.50e-14,3.40e-03,
32,3,KK-Lanczos nev4 kd256 tol1e-10,7.625,359,3,5.65e-16,3.40e-03,
32,3,KK-Lanczos nev16 kd64 tol1e-10,6.740,339,3,1.80e-15,3.40e-03,
32,3,KK-deflated nev2 kd32 tol1e-10,14.491,704,3,6.81e-16,3.40e-03,4
32,3,KK-deflated nev4 kd64 tol1e-10,12.281,634,3,1.70e-14,3.40e-03,3
32,3,KK-block b2 nev4 kd64 tol1e-10,5.622,273,2,7.41e-16,3.40e-03,
32,3,KK-block b4 nev4 kd64 tol1e-10,6.474,429,3,5.11e-15,3.40e-03,
32,3,KK-block b4 nev4 kd128 tol1e-10,2.370,389,3,1.94e-15,3.40e-03,
32,3,KK-block b8 nev8 kd128 tol1e-10,4.080,633,3,1.15e-14,3.40e-03,
32,4,Arpack nev4 ncv20 tol1e-10,8.117,1065,3,6.15e-16,2.20e-04,
32,4,Arpack nev4 ncv64 tol1e-10,10.006,988,3,6.88e-16,2.20e-04,
32,4,Arpack nev4 ncv128 tol1e-10,13.320,1428,3,7.66e-16,2.20e-04,
32,4,Arpack nev16 ncv33 tol1e-10,3.956,507,3,5.15e-16,2.20e-04,
32,4,Arpack nev16 ncv128 tol1e-10,4.233,445,3,9.40e-16,2.20e-04,
32,4,KK-Lanczos nev4 kd32 tol1e-10,2.315,202,1,9.72e-15,2.20e-04,
32,4,KK-Lanczos nev4 kd128 tol1e-10,1.631,181,1,3.44e-15,2.20e-04,
32,4,KK-Lanczos nev4 kd256 tol1e-10,3.416,359,3,9.68e-15,2.20e-04,
32,4,KK-Lanczos nev16 kd64 tol1e-10,4.261,391,3,4.95e-13,2.20e-04,
32,4,KK-deflated nev2 kd32 tol1e-10,9.613,808,3,4.17e-14,2.20e-04,4
32,4,KK-deflated nev4 kd64 tol1e-10,6.841,780,3,3.49e-15,2.20e-04,4
32,4,KK-block b2 nev4 kd64 tol1e-10,3.078,299,2,6.98e-15,2.20e-04,
32,4,KK-block b4 nev4 kd64 tol1e-10,5.316,513,3,7.89e-14,2.20e-04,
32,4,KK-block b4 nev4 kd128 tol1e-10,4.416,441,3,6.96e-14,2.20e-04,
32,4,KK-block b8 nev8 kd128 tol1e-10,5.392,745,3,1.55e-15,2.20e-04,
32,5,Arpack nev4 ncv20 tol1e-10,9.568,1197,2,6.96e-16,5.11e-06,
32,5,Arpack nev4 ncv64 tol1e-10,11.062,1312,3,9.44e-16,5.11e-06,
32,5,Arpack nev4 ncv128 tol1e-10,27.187,2484,3,7.78e-16,5.11e-06,
32,5,Arpack nev16 ncv33 tol1e-10,7.110,684,3,5.61e-16,5.11e-06,
32,5,Arpack nev16 ncv128 tol1e-10,6.886,639,3,1.07e-15,5.11e-06,
32,5,KK-Lanczos nev4 kd32 tol1e-10,1.974,293,1,1.78e-14,5.11e-06,
32,5,KK-Lanczos nev4 kd128 tol1e-10,1.908,285,1,5.87e-16,5.11e-06,
32,5,KK-Lanczos nev4 kd256 tol1e-10,1.431,257,1,6.04e-16,5.11e-06,
32,5,KK-Lanczos nev16 kd64 tol1e-10,2.350,397,2,5.79e-16,5.11e-06,
32,5,KK-deflated nev2 kd32 tol1e-10,8.025,1146,3,2.41e-13,5.11e-06,4
32,5,KK-deflated nev4 kd64 tol1e-10,10.654,1116,3,5.02e-14,5.11e-06,4
32,5,KK-block b2 nev4 kd64 tol1e-10,3.996,403,2,7.00e-14,5.11e-06,
32,5,KK-block b4 nev4 kd64 tol1e-10,6.361,653,3,1.72e-13,5.11e-06,
32,5,KK-block b4 nev4 kd128 tol1e-10,5.981,545,3,1.08e-14,5.11e-06,
32,5,KK-block b8 nev8 kd128 tol1e-10,8.497,745,3,1.42e-13,5.11e-06,
36,1,Arpack nev4 ncv20 tol1e-10,19.958,983,3,5.53e-16,7.13e-05,
36,1,Arpack nev4 ncv64 tol1e-10,17.643,972,3,6.52e-16,7.13e-05,
36,1,Arpack nev4 ncv128 tol1e-10,23.156,1680,3,7.50e-16,7.13e-05,
36,1,Arpack nev16 ncv33 tol1e-10,6.815,506,3,4.67e-16,7.13e-05,
36,1,Arpack nev16 ncv128 tol1e-10,7.991,437,3,7.28e-16,7.13e-05,
36,1,KK-Lanczos nev4 kd32 tol1e-10,5.428,239,1,4.20e-16,7.13e-05,
36,1,KK-Lanczos nev4 kd128 tol1e-10,3.946,283,2,8.15e-16,7.13e-05,
36,1,KK-Lanczos nev4 kd256 tol1e-10,8.271,360,3,6.22e-16,7.13e-05,
36,1,KK-Lanczos nev16 kd64 tol1e-10,4.108,297,2,7.57e-16,7.13e-05,
36,1,KK-deflated nev2 kd32 tol1e-10,32.434,873,3,4.23e-14,7.13e-05,4
36,1,KK-deflated nev4 kd64 tol1e-10,39.132,883,3,5.16e-16,7.13e-05,4
36,1,KK-block b2 nev4 kd64 tol1e-10,10.569,299,2,5.17e-15,7.13e-05,
36,1,KK-block b4 nev4 kd64 tol1e-10,8.600,429,3,1.39e-13,7.13e-05,
36,1,KK-block b4 nev4 kd128 tol1e-10,10.129,389,3,6.18e-14,7.13e-05,
36,1,KK-block b8 nev8 kd128 tol1e-10,11.168,689,3,8.13e-15,7.13e-05,
36,2,Arpack nev4 ncv20 tol1e-10,9.642,635,3,5.68e-07,2.80e-04,
36,2,Arpack nev4 ncv64 tol1e-10,15.145,759,4,5.68e-07,NaN,
36,2,Arpack nev4 ncv128 tol1e-10,17.936,610,4,5.68e-07,NaN,
36,2,Arpack nev16 ncv33 tol1e-10,9.924,507,4,5.68e-07,2.80e-04,
36,2,Arpack nev16 ncv128 tol1e-10,12.475,445,4,5.68e-07,2.80e-04,
36,2,KK-Lanczos nev4 kd32 tol1e-10,3.732,202,2,5.68e-07,2.80e-04,
36,2,KK-Lanczos nev4 kd128 tol1e-10,7.106,181,2,5.68e-07,2.80e-04,
36,2,KK-Lanczos nev4 kd256 tol1e-10,22.995,462,4,5.68e-07,2.80e-04,
36,2,KK-Lanczos nev16 kd64 tol1e-10,16.756,414,4,5.68e-07,2.80e-04,
36,2,KK-deflated nev2 kd32 tol1e-10,20.178,691,4,5.68e-07,2.80e-04,4
36,2,KK-deflated nev4 kd64 tol1e-10,16.551,752,4,5.68e-07,2.80e-04,4
36,2,KK-block b2 nev4 kd64 tol1e-10,4.210,299,3,5.68e-07,2.80e-04,
36,2,KK-block b4 nev4 kd64 tol1e-10,7.005,485,4,5.68e-07,2.80e-04,
36,2,KK-block b4 nev4 kd128 tol1e-10,8.708,441,4,5.68e-07,2.80e-04,
36,2,KK-block b8 nev8 kd128 tol1e-10,8.837,745,4,5.68e-07,2.80e-04,
36,3,Arpack nev4 ncv20 tol1e-10,4.039,516,3,5.46e-16,2.68e-03,
36,3,Arpack nev4 ncv64 tol1e-10,7.533,641,3,6.02e-16,2.68e-03,
36,3,Arpack nev4 ncv128 tol1e-10,10.766,734,3,1.04e-15,2.68e-03,
36,3,Arpack nev16 ncv33 tol1e-10,5.948,409,3,5.74e-16,2.68e-03,
36,3,Arpack nev16 ncv128 tol1e-10,6.958,440,3,8.83e-16,2.68e-03,
36,3,KK-Lanczos nev4 kd32 tol1e-10,3.458,240,2,6.76e-13,2.68e-03,
36,3,KK-Lanczos nev4 kd128 tol1e-10,3.007,231,2,1.10e-15,2.68e-03,
36,3,KK-Lanczos nev4 kd256 tol1e-10,6.815,359,3,8.09e-16,2.68e-03,
36,3,KK-Lanczos nev16 kd64 tol1e-10,5.427,319,3,1.84e-13,2.68e-03,
36,3,KK-deflated nev2 kd32 tol1e-10,19.833,626,3,1.84e-15,2.68e-03,4
36,3,KK-deflated nev4 kd64 tol1e-10,24.934,633,3,6.49e-16,2.68e-03,3
36,3,KK-block b2 nev4 kd64 tol1e-10,11.960,247,2,7.71e-16,2.68e-03,
36,3,KK-block b4 nev4 kd64 tol1e-10,18.045,401,3,6.05e-14,2.68e-03,
36,3,KK-block b4 nev4 kd128 tol1e-10,17.949,389,3,2.40e-15,2.68e-03,
36,3,KK-block b8 nev8 kd128 tol1e-10,33.502,745,3,1.53e-15,2.68e-03,
36,4,Arpack nev4 ncv20 tol1e-10,22.309,503,3,6.68e-16,2.70e-03,
36,4,Arpack nev4 ncv64 tol1e-10,22.061,531,3,8.37e-16,2.70e-03,
36,4,Arpack nev4 ncv128 tol1e-10,26.565,607,3,9.13e-16,2.70e-03,
36,4,Arpack nev16 ncv33 tol1e-10,21.126,499,3,7.88e-16,2.70e-03,
36,4,Arpack nev16 ncv128 tol1e-10,18.126,440,3,8.27e-16,2.70e-03,
36,4,KK-Lanczos nev4 kd32 tol1e-10,10.530,239,2,6.80e-13,2.70e-03,
36,4,KK-Lanczos nev4 kd128 tol1e-10,10.148,232,2,7.89e-16,2.70e-03,
36,4,KK-Lanczos nev4 kd256 tol1e-10,15.362,359,3,6.43e-16,2.70e-03,
36,4,KK-Lanczos nev16 kd64 tol1e-10,15.203,428,3,6.64e-16,2.70e-03,
36,4,KK-deflated nev2 kd32 tol1e-10,23.140,613,3,1.84e-14,2.70e-03,4
36,4,KK-deflated nev4 kd64 tol1e-10,25.806,633,3,6.59e-16,2.70e-03,3
36,4,KK-block b2 nev4 kd64 tol1e-10,16.658,429,3,1.28e-14,2.70e-03,
36,4,KK-block b4 nev4 kd64 tol1e-10,17.866,429,3,1.08e-13,2.70e-03,
36,4,KK-block b4 nev4 kd128 tol1e-10,14.854,389,3,4.28e-14,2.70e-03,
36,4,KK-block b8 nev8 kd128 tol1e-10,29.466,801,3,1.12e-15,2.70e-03,
36,5,Arpack nev4 ncv20 tol1e-10,20.564,699,2,6.71e-16,5.11e-06,
36,5,Arpack nev4 ncv64 tol1e-10,19.782,878,3,6.97e-16,5.11e-06,
36,5,Arpack nev4 ncv128 tol1e-10,35.469,1323,3,1.10e-15,5.11e-06,
36,5,Arpack nev16 ncv33 tol1e-10,16.271,502,3,6.87e-16,5.11e-06,
36,5,Arpack nev16 ncv128 tol1e-10,21.079,440,3,1.03e-15,5.11e-06,
36,5,KK-Lanczos nev4 kd32 tol1e-10,6.190,227,1,5.34e-15,5.11e-06,
36,5,KK-Lanczos nev4 kd128 tol1e-10,10.908,386,3,1.99e-14,5.11e-06,
36,5,KK-Lanczos nev4 kd256 tol1e-10,17.266,463,3,7.83e-16,5.11e-06,
36,5,KK-Lanczos nev16 kd64 tol1e-10,11.352,297,2,6.34e-13,5.11e-06,
36,5,KK-deflated nev2 kd32 tol1e-10,33.798,860,3,7.20e-13,5.11e-06,4
36,5,KK-deflated nev4 kd64 tol1e-10,32.184,883,3,2.94e-14,5.11e-06,4
36,5,KK-block b2 nev4 kd64 tol1e-10,8.967,325,2,1.71e-14,5.11e-06,
36,5,KK-block b4 nev4 kd64 tol1e-10,3.972,485,3,5.05e-13,5.11e-06,
36,5,KK-block b4 nev4 kd128 tol1e-10,3.715,441,3,6.51e-14,5.11e-06,
36,5,KK-block b8 nev8 kd128 tol1e-10,5.732,689,3,1.05e-13,5.11e-06,
40,1,Arpack nev4 ncv20 tol1e-10,5.816,571,2,5.70e-16,5.96e-05,
40,1,Arpack nev4 ncv64 tol1e-10,12.418,792,3,5.59e-16,5.96e-05,
40,1,Arpack nev4 ncv128 tol1e-10,18.426,837,3,6.49e-16,5.96e-05,
40,1,Arpack nev16 ncv33 tol1e-10,16.805,559,3,7.33e-16,5.96e-05,
40,1,Arpack nev16 ncv128 tol1e-10,6.220,546,3,6.38e-16,5.96e-05,
40,1,KK-Lanczos nev4 kd32 tol1e-10,2.065,226,1,5.71e-16,5.96e-05,
40,1,KK-Lanczos nev4 kd128 tol1e-10,4.365,436,3,5.01e-16,5.96e-05,
40,1,KK-Lanczos nev4 kd256 tol1e-10,4.691,463,3,5.81e-16,5.96e-05,
40,1,KK-Lanczos nev16 kd64 tol1e-10,4.131,441,3,9.19e-16,5.96e-05,
40,1,KK-deflated nev2 kd32 tol1e-10,7.440,821,3,1.97e-13,5.96e-05,4
40,1,KK-deflated nev4 kd64 tol1e-10,3.338,787,3,5.04e-13,5.96e-05,3
40,1,KK-block b2 nev4 kd64 tol1e-10,1.646,325,2,2.87e-13,5.96e-05,
40,1,KK-block b4 nev4 kd64 tol1e-10,1.760,513,3,5.91e-13,5.96e-05,
40,1,KK-block b4 nev4 kd128 tol1e-10,0.958,441,3,2.41e-13,5.96e-05,
40,1,KK-block b8 nev8 kd128 tol1e-10,1.698,801,3,1.89e-15,5.96e-05,
40,2,Arpack nev4 ncv20 tol1e-10,2.103,863,4,4.84e-07,NaN,
40,2,Arpack nev4 ncv64 tol1e-10,2.370,874,4,4.84e-07,NaN,
40,2,Arpack nev4 ncv128 tol1e-10,2.755,968,4,4.84e-07,NaN,
40,2,Arpack nev16 ncv33 tol1e-10,1.434,539,4,4.84e-07,1.69e-03,
40,2,Arpack nev16 ncv128 tol1e-10,1.496,543,4,4.84e-07,1.69e-03,
40,2,KK-Lanczos nev4 kd32 tol1e-10,0.605,239,2,4.84e-07,1.69e-03,
40,2,KK-Lanczos nev4 kd128 tol1e-10,0.841,233,2,4.84e-07,1.69e-03,
40,2,KK-Lanczos nev4 kd256 tol1e-10,2.194,463,4,4.84e-07,1.69e-03,
40,2,KK-Lanczos nev16 kd64 tol1e-10,1.918,341,3,4.84e-07,1.69e-03,
40,2,KK-deflated nev2 kd32 tol1e-10,2.817,808,4,4.84e-07,1.69e-03,4
40,2,KK-deflated nev4 kd64 tol1e-10,2.262,764,4,4.84e-07,1.69e-03,3
40,2,KK-block b2 nev4 kd64 tol1e-10,0.979,325,3,4.84e-07,1.69e-03,
40,2,KK-block b4 nev4 kd64 tol1e-10,1.349,485,4,4.84e-07,1.69e-03,
40,2,KK-block b4 nev4 kd128 tol1e-10,1.436,441,4,4.84e-07,1.69e-03,
40,2,KK-block b8 nev8 kd128 tol1e-10,3.749,801,4,4.84e-07,1.69e-03,
40,3,Arpack nev4 ncv20 tol1e-10,4.155,768,3,6.80e-16,1.16e-04,
40,3,Arpack nev4 ncv64 tol1e-10,3.298,707,3,1.19e-15,1.16e-04,
40,3,Arpack nev4 ncv128 tol1e-10,3.870,843,3,1.06e-15,1.16e-04,
40,3,Arpack nev16 ncv33 tol1e-10,3.888,544,3,7.71e-16,1.16e-04,
40,3,Arpack nev16 ncv128 tol1e-10,3.252,539,3,9.14e-16,1.16e-04,
40,3,KK-Lanczos nev4 kd32 tol1e-10,2.184,327,2,1.65e-14,1.16e-04,
40,3,KK-Lanczos nev4 kd128 tol1e-10,2.163,283,2,1.26e-13,1.16e-04,
40,3,KK-Lanczos nev4 kd256 tol1e-10,4.740,462,3,7.55e-16,1.16e-04,
40,3,KK-Lanczos nev16 kd64 tol1e-10,3.616,416,3,8.50e-16,1.16e-04,
40,3,KK-deflated nev2 kd32 tol1e-10,7.412,821,3,2.83e-13,1.16e-04,4
40,3,KK-deflated nev4 kd64 tol1e-10,5.697,789,3,7.39e-14,1.16e-04,3
40,3,KK-block b2 nev4 kd64 tol1e-10,3.819,481,3,1.49e-13,1.16e-04,
40,3,KK-block b4 nev4 kd64 tol1e-10,2.712,485,3,5.58e-13,1.16e-04,
40,3,KK-block b4 nev4 kd128 tol1e-10,1.554,441,3,7.58e-14,1.16e-04,
40,3,KK-block b8 nev8 kd128 tol1e-10,2.484,801,3,3.75e-15,1.16e-04,
40,4,Arpack nev4 ncv20 tol1e-10,2.190,739,3,7.34e-16,1.05e-03,
40,4,Arpack nev4 ncv64 tol1e-10,1.374,688,3,8.78e-16,1.05e-03,
40,4,Arpack nev4 ncv128 tol1e-10,1.606,841,3,9.71e-16,1.05e-03,
40,4,Arpack nev16 ncv33 tol1e-10,1.062,541,3,6.09e-16,1.05e-03,
40,4,Arpack nev16 ncv128 tol1e-10,0.844,444,3,9.60e-16,1.05e-03,
40,4,KK-Lanczos nev4 kd32 tol1e-10,0.533,316,2,6.48e-14,1.05e-03,
40,4,KK-Lanczos nev4 kd128 tol1e-10,0.615,283,2,7.09e-15,1.05e-03,
40,4,KK-Lanczos nev4 kd256 tol1e-10,0.463,257,2,4.44e-13,1.05e-03,
40,4,KK-Lanczos nev16 kd64 tol1e-10,0.782,418,3,2.11e-15,1.05e-03,
40,4,KK-deflated nev2 kd32 tol1e-10,1.509,795,3,1.21e-15,1.05e-03,4
40,4,KK-deflated nev4 kd64 tol1e-10,1.319,737,3,8.72e-15,1.05e-03,3
40,4,KK-block b2 nev4 kd64 tol1e-10,0.610,299,2,5.52e-15,1.05e-03,
40,4,KK-block b4 nev4 kd64 tol1e-10,0.925,513,3,3.86e-14,1.05e-03,
40,4,KK-block b4 nev4 kd128 tol1e-10,0.845,441,3,9.06e-14,1.05e-03,
40,4,KK-block b8 nev8 kd128 tol1e-10,1.710,857,3,1.58e-15,1.05e-03,
40,5,Arpack nev4 ncv20 tol1e-10,2.567,1420,3,6.43e-16,4.54e-06,
40,5,Arpack nev4 ncv64 tol1e-10,1.544,824,2,6.40e-16,4.54e-06,
40,5,Arpack nev4 ncv128 tol1e-10,3.360,1570,3,1.72e-15,4.54e-06,
40,5,Arpack nev16 ncv33 tol1e-10,1.833,678,3,8.19e-16,4.54e-06,
40,5,Arpack nev16 ncv128 tol1e-10,1.720,645,3,9.09e-16,4.54e-06,
40,5,KK-Lanczos nev4 kd32 tol1e-10,0.709,292,1,7.11e-16,4.54e-06,
40,5,KK-Lanczos nev4 kd128 tol1e-10,0.848,285,1,5.94e-16,4.54e-06,
40,5,KK-Lanczos nev4 kd256 tol1e-10,0.635,257,1,6.52e-16,4.54e-06,
40,5,KK-Lanczos nev16 kd64 tol1e-10,1.362,516,3,7.54e-16,4.54e-06,
40,5,KK-deflated nev2 kd32 tol1e-10,2.888,1120,3,7.48e-14,4.54e-06,4
40,5,KK-deflated nev4 kd64 tol1e-10,3.254,1192,3,7.25e-16,4.54e-06,4
40,5,KK-block b2 nev4 kd64 tol1e-10,1.560,585,3,5.50e-14,4.54e-06,
40,5,KK-block b4 nev4 kd64 tol1e-10,1.576,597,3,3.73e-13,4.54e-06,
40,5,KK-block b4 nev4 kd128 tol1e-10,1.379,545,3,1.41e-14,4.54e-06,
40,5,KK-block b8 nev8 kd128 tol1e-10,2.419,857,3,1.91e-14,4.54e-06,
