d,valence,ops,T,n,truth,nullity,rule,certified,gap,undecidable,qd_nullity,qd_status,null_max,null_max_eps,first_nonzero,threshold,solve_s,qd_s,rss_GB
16,3,SymmetricOp,Float64,408,3,3,gap,true,1.32e+12,0,3,ok,3.711e-16,1.671,0.001465,1e-12,0.06,0.25,0.92
16,3,SymmetricOp,Float32,408,3,3,gap,true,2467,0,3,ok,4.245e-07,3.561,0.001471,5.96e-07,0.04,0.22,0.92
16,3,SymmetricOp,Float16,408,3,3,gap,true,2468,0,3,ok,2.144e-07,1.798,0.001471,5.96e-07,0.04,0.06,0.93
24,3,SymmetricOp,Float64,900,3,3,gap,true,2.66e+11,0,3,ok,1.259e-16,0.5672,0.0002954,1e-12,0.19,0.11,0.95
24,3,SymmetricOp,Float32,900,3,3,gap,true,492.6,0,3,ok,1.807e-07,1.516,0.0002936,5.96e-07,0.10,0.07,0.96
24,3,SymmetricOp,Float16,900,3,3,gap,false,493.1,1,3,ok,1.077e-07,0.9038,0.0002939,5.96e-07,0.10,0.31,1.00
32,3,SymmetricOp,Float64,1584,3,3,gap,true,2.181e+12,0,3,ok,1.616e-16,0.7277,0.002422,1e-12,0.33,0.02,1.02
32,3,SymmetricOp,Float32,1584,3,3,gap,true,4081,0,3,ok,1.882e-07,1.579,0.002433,5.96e-07,0.21,0.02,1.02
32,3,SymmetricOp,Float16,1584,3,3,gap,true,4081,0,3,ok,5.859e-07,4.915,0.002432,5.96e-07,0.19,0.10,1.09
48,3,SymmetricOp,Float64,3528,3,3,gap,true,1.343e+11,0,3,ok,4.481e-16,2.018,0.0001491,1e-12,1.21,0.09,1.20
48,3,SymmetricOp,Float32,3528,3,3,gap,true,251.6,0,2,ok,1.411e-07,1.184,0.00015,5.96e-07,0.68,0.05,1.23
48,3,SymmetricOp,Float16,3528,3,3,gap,false,251.3,3,3,ok,9.685e-08,0.8125,0.0001498,5.96e-07,0.68,0.57,1.29
64,3,SymmetricOp,Float64,6240,3,3,gap,true,5.36e+11,0,3,ok,5.909e-16,2.661,0.0005951,1e-12,3.27,0.28,1.50
64,3,SymmetricOp,Float32,6240,3,3,gap,true,967.7,0,3,ok,7.846e-08,0.6582,0.0005768,5.96e-07,2.07,0.14,1.51
64,3,SymmetricOp,Float16,6240,3,3,gap,false,967.3,1,3,ok,1.659e-07,1.392,0.0005766,5.96e-07,2.11,1.25,1.72
96,3,SymmetricOp,Float64,13968,3,3,gap,true,1.885e+11,0,3,ok,3.044e-16,1.371,0.0002092,1e-12,15.56,1.23,2.02
96,3,SymmetricOp,Float32,13968,3,3,gap,true,350.2,0,3,ok,3.335e-07,2.798,0.0002087,5.96e-07,7.06,0.66,2.31
96,3,SymmetricOp,Float16,13968,3,3,gap,false,350.2,1,3,ok,2.614e-07,2.193,0.0002087,5.96e-07,7.07,6.72,2.75
6,4,SymmetricOp,Float64,84,4,4,gap,true,1.349e+12,0,4,ok,5.296e-16,2.385,0.001498,1e-12,4.39,0.85,2.75
6,4,SymmetricOp,Float32,84,4,4,gap,true,2513,0,4,ok,3.176e-08,0.2664,0.001498,5.96e-07,4.41,0.76,2.75
6,4,SymmetricOp,Float16,84,4,4,gap,true,2514,0,4,ok,6.103e-08,0.512,0.001499,5.96e-07,0.03,0.00,2.75
8,4,SymmetricOp,Float64,144,4,4,gap,true,1.995e+12,0,4,ok,7.321e-17,0.3297,0.002215,1e-12,0.03,0.01,2.75
8,4,SymmetricOp,Float32,144,4,4,gap,true,3717,0,4,ok,7.893e-08,0.6621,0.002215,5.96e-07,0.02,0.01,2.75
8,4,SymmetricOp,Float16,144,4,4,gap,true,3717,0,4,ok,5.965e-08,0.5004,0.002215,5.96e-07,0.02,0.01,2.75
10,4,SymmetricOp,Float64,220,4,4,gap,true,1.138e+12,0,4,ok,3.084e-16,1.389,0.001263,1e-12,0.08,0.01,2.75
10,4,SymmetricOp,Float32,220,4,4,gap,true,2119,0,4,ok,8.485e-08,0.7118,0.001263,5.96e-07,0.06,0.01,2.75
10,4,SymmetricOp,Float16,220,4,4,gap,true,2119,0,4,ok,6.711e-08,0.5629,0.001263,5.96e-07,0.06,0.01,2.75
12,4,SymmetricOp,Float64,312,4,4,gap,true,7.431e+11,0,4,ok,2.153e-16,0.9695,0.000825,1e-12,0.25,0.01,2.75
12,4,SymmetricOp,Float32,312,4,4,gap,true,1384,0,4,ok,1.63e-07,1.368,0.0008249,5.96e-07,0.12,0.01,2.75
12,4,SymmetricOp,Float16,312,4,4,gap,false,1384,1,4,ok,2.49e-07,2.088,0.0008248,5.96e-07,0.12,0.02,2.75
16,4,SymmetricOp,Float64,544,4,4,gap,true,1.761e+11,0,4,ok,1.87e-16,0.8422,0.0001955,1e-12,0.86,0.03,2.75
16,4,SymmetricOp,Float32,544,4,4,gap,true,327.9,0,4,ok,1.716e-07,1.44,0.0001955,5.96e-07,0.48,0.02,2.75
16,4,SymmetricOp,Float16,544,4,4,gap,false,327.8,1,4,ok,1.505e-07,1.262,0.0001954,5.96e-07,0.49,0.05,2.75
12,3,UniversalOp,Float64,432,-1,13,gap,true,2.916e+10,0,13,ok,NaN,NaN,NaN,1e-12,0.37,0.11,2.75
12,3,UniversalOp,Float32,432,-1,13,threshold,false,54.49,0,13,ok,NaN,NaN,NaN,5.96e-07,0.13,0.10,2.75
12,3,UniversalOp,Float16,432,-1,13,threshold,false,54.03,5,14,ok,NaN,NaN,NaN,5.96e-07,0.11,0.04,2.75
16,3,UniversalOp,Float64,768,-1,13,gap,true,1.456e+11,0,13,ok,NaN,NaN,NaN,1e-12,0.94,0.03,2.75
16,3,UniversalOp,Float32,768,-1,13,gap,true,271.1,0,13,ok,NaN,NaN,NaN,5.96e-07,0.29,0.02,2.75
16,3,UniversalOp,Float16,768,-1,13,gap,false,271.1,11,14,ok,NaN,NaN,NaN,5.96e-07,0.28,0.06,2.75
24,3,UniversalOp,Float64,1728,-1,13,gap,true,1.332e+10,0,13,ok,NaN,NaN,NaN,1e-12,8.39,0.12,2.75
24,3,UniversalOp,Float32,1728,-1,12,threshold,false,1.167,0,13,ok,NaN,NaN,NaN,5.96e-07,4.81,0.08,2.75
24,3,UniversalOp,Float16,1728,-1,12,threshold,false,1.066,20,20,ok,NaN,NaN,NaN,5.96e-07,6.07,0.25,2.75
32,3,UniversalOp,Float64,3072,-1,13,gap,true,4.038e+10,0,13,ok,NaN,NaN,NaN,1e-12,5.98,0.02,2.75
32,3,UniversalOp,Float32,3072,-1,13,threshold,false,75.18,0,13,ok,NaN,NaN,NaN,5.96e-07,2.38,0.01,2.75
32,3,UniversalOp,Float16,3072,-1,13,threshold,false,75.05,10,19,ok,NaN,NaN,NaN,5.96e-07,2.28,0.13,2.75
