case,truth,T,solver,mult,eigtol,seconds,nullity,certified,rule,gap,spec1,spec2,spec3,spec4,spec5
sphere3-d10,3,Float64,ArpackSolver,1.0,2.22e-16,1.81,3,true,gap,6.916e+12,1.62e-17,2.42e-16,3.11e-16,0.00768,0.0121
sphere3-d10,3,Float64,ArpackSolver,3.0,6.66e-16,0.01,3,true,gap,6.916e+12,7.27e-18,5.55e-17,1.2e-16,0.00768,0.0121
sphere3-d10,3,Float64,ArpackSolver,10.0,2.22e-15,0.01,3,true,gap,6.916e+12,5.5e-17,6.75e-17,9.63e-17,0.00768,0.0121
sphere3-d10,3,Float64,ArpackSolver,30.0,6.66e-15,0.01,3,true,gap,6.916e+12,6.28e-17,7.19e-17,9.45e-17,0.00768,0.0121
sphere3-d10,3,Float64,ArpackSolver,100.0,2.22e-14,0.01,3,true,gap,6.916e+12,2.26e-17,3.97e-17,2.41e-16,0.00768,0.0121
sphere3-d10,3,Float64,KrylovSolver,1.0,2.22e-16,3.84,3,true,gap,6.916e+12,1.79e-17,4.55e-17,1.2e-16,0.00768,0.0121
sphere3-d10,3,Float64,KrylovSolver,3.0,6.66e-16,0.02,3,true,gap,6.916e+12,1.6e-17,3.85e-17,1.89e-16,0.00768,0.0121
sphere3-d10,3,Float64,KrylovSolver,10.0,2.22e-15,0.02,3,true,gap,6.916e+12,3.8e-19,5.7e-17,5.94e-17,0.00768,0.0121
sphere3-d10,3,Float64,KrylovSolver,30.0,6.66e-15,0.02,3,true,gap,6.916e+12,4.07e-17,4.43e-17,1.1e-16,0.00768,0.0121
sphere3-d10,3,Float64,KrylovSolver,100.0,2.22e-14,0.02,3,true,gap,6.916e+12,1.77e-17,3.5e-17,2.56e-16,0.00768,0.0121
sphere3-d10,3,Float32,ArpackSolver,1.0,1.19e-07,1.52,3,true,gap,1.303e+04,3.21e-08,1.56e-07,2.19e-07,0.00777,0.0122
sphere3-d10,3,Float32,ArpackSolver,3.0,3.58e-07,0.00,3,true,gap,1.303e+04,6.73e-08,1.42e-07,1.99e-07,0.00777,0.0122
sphere3-d10,3,Float32,ArpackSolver,10.0,1.19e-06,0.00,3,true,gap,1.303e+04,6.32e-08,6.32e-08,1.28e-07,0.00777,0.0122
sphere3-d10,3,Float32,ArpackSolver,30.0,3.58e-06,0.00,3,true,gap,1.303e+04,1.01e-07,1.26e-07,1.89e-07,0.00777,0.0122
sphere3-d10,3,Float32,ArpackSolver,100.0,1.19e-05,0.00,3,true,gap,1.303e+04,8.4e-09,3.18e-08,1.5e-07,0.00777,0.0122
sphere3-d10,3,Float32,KrylovSolver,1.0,1.19e-07,3.75,1,false,threshold,16.91,4.2e-08,1.01e-05,4.61e-05,0.00737,0.0122
sphere3-d10,3,Float32,KrylovSolver,3.0,3.58e-07,0.02,0,false,threshold,20.02,1.19e-05,1.38e-05,0.000494,0.0017,0.00765
sphere3-d10,3,Float32,KrylovSolver,10.0,1.19e-06,0.01,1,false,threshold,6.153,1.6e-08,3.67e-06,0.00107,0.00688,0.0116
sphere3-d10,3,Float32,KrylovSolver,30.0,3.58e-06,0.02,1,true,gap,190.8,4.63e-07,0.000114,0.000223,0.00773,0.0116
sphere3-d10,3,Float32,KrylovSolver,100.0,1.19e-05,0.01,0,false,threshold,5.522,3.29e-06,8.17e-05,0.000621,0.0068,0.00848
sphere3-d10,3,Float16,ArpackSolver,1.0,1.19e-07,0.00,3,true,gap,1.303e+04,3.69e-09,9.75e-08,1.25e-07,0.00777,0.0122
sphere3-d10,3,Float16,ArpackSolver,3.0,3.58e-07,0.00,3,true,gap,1.303e+04,2.23e-07,2.34e-07,3.99e-07,0.00777,0.0122
sphere3-d10,3,Float16,ArpackSolver,10.0,1.19e-06,0.00,3,true,gap,1.303e+04,6.02e-08,6.86e-08,1.01e-07,0.00777,0.0122
sphere3-d10,3,Float16,ArpackSolver,30.0,3.58e-06,0.00,3,true,gap,1.303e+04,2.51e-08,6.75e-08,1.61e-07,0.00777,0.0122
sphere3-d10,3,Float16,ArpackSolver,100.0,1.19e-05,0.00,3,true,gap,1.303e+04,8.04e-10,1.17e-07,2.36e-07,0.00777,0.0122
sphere3-d10,3,Float16,KrylovSolver,1.0,1.19e-07,0.02,1,false,threshold,56.16,9.84e-08,3.35e-05,8.9e-05,0.00716,0.0121
sphere3-d10,3,Float16,KrylovSolver,3.0,3.58e-07,0.02,0,false,threshold,1.837,1.1e-06,2.6e-06,1.5e-05,0.00774,0.0122
sphere3-d10,3,Float16,KrylovSolver,10.0,1.19e-06,0.01,1,false,threshold,65.96,2.88e-07,3.93e-05,0.000138,0.0077,0.0121
sphere3-d10,3,Float16,KrylovSolver,30.0,3.58e-06,0.01,0,false,threshold,3.105,1.85e-06,2.28e-05,0.000141,0.00771,0.0122
sphere3-d10,3,Float16,KrylovSolver,100.0,1.19e-05,0.01,0,false,threshold,2.077,1.24e-06,2.05e-05,9.29e-05,0.00694,0.00832
sphere3-d16,3,Float64,ArpackSolver,1.0,2.22e-16,0.04,3,true,gap,1.32e+12,6.91e-17,8.91e-17,4.56e-16,0.00147,0.00692
sphere3-d16,3,Float64,ArpackSolver,3.0,6.66e-16,0.03,3,true,gap,1.32e+12,1.99e-17,2.93e-16,3.56e-16,0.00147,0.00692
sphere3-d16,3,Float64,ArpackSolver,10.0,2.22e-15,0.03,3,true,gap,1.32e+12,8.85e-17,9.57e-17,3.68e-16,0.00147,0.00692
sphere3-d16,3,Float64,ArpackSolver,30.0,6.66e-15,0.03,3,true,gap,1.32e+12,1.11e-16,2.12e-16,4.26e-16,0.00147,0.00692
sphere3-d16,3,Float64,ArpackSolver,100.0,2.22e-14,0.03,3,true,gap,1.32e+12,1.63e-16,2.46e-16,7.03e-16,0.00147,0.00692
sphere3-d16,3,Float64,KrylovSolver,1.0,2.22e-16,0.16,3,true,gap,1.32e+12,3.93e-17,1.31e-16,2.4e-16,0.00147,0.00692
sphere3-d16,3,Float64,KrylovSolver,3.0,6.66e-16,0.15,3,true,gap,1.32e+12,7.08e-17,1.29e-16,1.79e-16,0.00147,0.00692
sphere3-d16,3,Float64,KrylovSolver,10.0,2.22e-15,0.16,3,true,gap,1.32e+12,4.61e-17,5.09e-17,1.44e-16,0.00147,0.00692
sphere3-d16,3,Float64,KrylovSolver,30.0,6.66e-15,0.16,3,true,gap,1.32e+12,3e-17,1.05e-16,1.74e-16,0.00147,0.00692
sphere3-d16,3,Float64,KrylovSolver,100.0,2.22e-14,0.15,3,true,gap,1.32e+12,9.66e-18,1.45e-16,2.35e-16,0.00147,0.00692
sphere3-d16,3,Float32,ArpackSolver,1.0,1.19e-07,0.02,3,true,gap,2464,4.45e-10,3.39e-08,1.94e-07,0.00147,0.00694
sphere3-d16,3,Float32,ArpackSolver,3.0,3.58e-07,0.02,3,true,gap,2464,3.62e-08,7.1e-08,2.85e-07,0.00147,0.00694
sphere3-d16,3,Float32,ArpackSolver,10.0,1.19e-06,0.02,3,true,gap,2464,2.22e-08,6.27e-08,8.46e-08,0.00147,0.00694
sphere3-d16,3,Float32,ArpackSolver,30.0,3.58e-06,0.02,3,true,gap,2464,1.06e-08,3.84e-08,1.18e-07,0.00147,0.00694
sphere3-d16,3,Float32,ArpackSolver,100.0,1.19e-05,0.02,3,true,gap,2464,8.08e-09,1.31e-07,2.19e-07,0.00147,0.00694
sphere3-d16,3,Float32,KrylovSolver,1.0,1.19e-07,0.07,3,true,gap,2464,1.02e-08,1.04e-08,8.5e-08,0.00147,0.00694
sphere3-d16,3,Float32,KrylovSolver,3.0,3.58e-07,0.06,3,true,gap,2464,3.78e-08,1.02e-07,1.24e-07,0.00147,0.00694
sphere3-d16,3,Float32,KrylovSolver,10.0,1.19e-06,0.05,3,true,gap,2465,6.33e-09,1.14e-08,5.65e-08,0.00147,0.00694
sphere3-d16,3,Float32,KrylovSolver,30.0,3.58e-06,0.05,3,true,gap,2465,2.32e-08,4.48e-08,6.25e-08,0.00147,0.00694
sphere3-d16,3,Float32,KrylovSolver,100.0,1.19e-05,0.05,3,true,gap,2464,3.99e-08,4.91e-08,5.83e-08,0.00147,0.00694
sphere3-d16,3,Float16,ArpackSolver,1.0,1.19e-07,0.02,3,true,gap,2464,7.57e-08,9.89e-08,2.01e-07,0.00147,0.00693
sphere3-d16,3,Float16,ArpackSolver,3.0,3.58e-07,0.02,3,true,gap,2464,7.35e-08,7.84e-08,1.59e-07,0.00147,0.00693
sphere3-d16,3,Float16,ArpackSolver,10.0,1.19e-06,0.02,3,true,gap,2464,8.47e-08,1.19e-07,1.63e-07,0.00147,0.00693
sphere3-d16,3,Float16,ArpackSolver,30.0,3.58e-06,0.02,3,true,gap,2464,2.58e-08,6.31e-08,1.27e-07,0.00147,0.00693
sphere3-d16,3,Float16,ArpackSolver,100.0,1.19e-05,0.02,3,true,gap,2464,6.51e-08,1.71e-07,3.55e-07,0.00147,0.00693
sphere3-d16,3,Float16,KrylovSolver,1.0,1.19e-07,0.06,3,true,gap,2464,1.04e-08,7.19e-08,1.18e-07,0.00147,0.00693
sphere3-d16,3,Float16,KrylovSolver,3.0,3.58e-07,0.07,3,true,gap,2464,1.08e-08,1.59e-08,6.19e-08,0.00147,0.00693
sphere3-d16,3,Float16,KrylovSolver,10.0,1.19e-06,0.06,3,true,gap,2464,1.75e-08,2.39e-08,7.63e-08,0.00147,0.00693
sphere3-d16,3,Float16,KrylovSolver,30.0,3.58e-06,0.05,3,true,gap,2464,2.51e-08,4.22e-08,1.64e-07,0.00147,0.00693
sphere3-d16,3,Float16,KrylovSolver,100.0,1.19e-05,0.04,3,true,gap,2464,4.63e-08,6.88e-08,1.17e-07,0.00147,0.00693
sphere4-d6,4,Float64,ArpackSolver,1.0,2.22e-16,0.78,4,true,gap,1.349e+12,1.23e-31,5.86e-20,5.43e-17,5.48e-17,0.0015
sphere4-d6,4,Float64,ArpackSolver,3.0,6.66e-16,0.00,4,true,gap,1.349e+12,1.43e-31,2.21e-18,1.71e-17,3.93e-16,0.0015
sphere4-d6,4,Float64,ArpackSolver,10.0,2.22e-15,0.00,4,true,gap,1.349e+12,1.01e-31,3.36e-18,2.7e-17,2.82e-16,0.0015
sphere4-d6,4,Float64,ArpackSolver,30.0,6.66e-15,0.00,4,true,gap,1.349e+12,6.54e-32,3.8e-18,6.32e-18,3.71e-16,0.0015
sphere4-d6,4,Float64,ArpackSolver,100.0,2.22e-14,0.00,4,true,gap,1.349e+12,6.69e-31,1.45e-18,6.62e-17,2.19e-16,0.0015
sphere4-d6,4,Float64,KrylovSolver,1.0,2.22e-16,0.00,-1,throw,ArgumentError: blocklength must be >(0),,,,,,
sphere4-d6,4,Float64,KrylovSolver,3.0,6.66e-16,0.03,4,true,gap,1.349e+12,3.23e-17,3.96e-17,4.49e-17,8.69e-17,0.0015
sphere4-d6,4,Float64,KrylovSolver,10.0,2.22e-15,0.02,4,true,gap,1.349e+12,4e-17,5.45e-17,5.46e-17,9.17e-17,0.0015
sphere4-d6,4,Float64,KrylovSolver,30.0,6.66e-15,0.02,4,true,gap,1.349e+12,4.08e-18,5.51e-18,3.04e-17,4.41e-17,0.0015
sphere4-d6,4,Float64,KrylovSolver,100.0,2.22e-14,0.02,4,true,gap,1.349e+12,6.55e-17,6.65e-17,8.82e-17,1.31e-16,0.0015
sphere4-d6,4,Float32,ArpackSolver,1.0,1.19e-07,0.74,4,true,gap,2513,5.11e-09,6.09e-09,9.31e-09,3.06e-08,0.0015
sphere4-d6,4,Float32,ArpackSolver,3.0,3.58e-07,0.00,4,true,gap,2513,5.24e-09,2.34e-08,7.78e-08,8.24e-08,0.0015
sphere4-d6,4,Float32,ArpackSolver,10.0,1.19e-06,0.00,4,true,gap,2513,3e-10,1.19e-08,5.37e-08,1.18e-07,0.0015
sphere4-d6,4,Float32,ArpackSolver,30.0,3.58e-06,0.00,4,true,gap,2513,1.38e-08,2.54e-08,3.14e-08,6.3e-08,0.0015
sphere4-d6,4,Float32,ArpackSolver,100.0,1.19e-05,0.00,4,true,gap,2513,2.82e-10,8.94e-09,1.86e-08,9.47e-08,0.0015
sphere4-d6,4,Float32,KrylovSolver,1.0,1.19e-07,1.78,0,false,threshold,51.44,3.07e-05,8.33e-05,0.00152,0.00226,0.00769
sphere4-d6,4,Float32,KrylovSolver,3.0,3.58e-07,0.05,0,true,threshold,618.8,0.000369,0.000757,0.00151,0.00152,0.00264
sphere4-d6,4,Float32,KrylovSolver,10.0,1.19e-06,0.05,0,true,threshold,742.5,0.000443,0.000954,0.00123,0.00366,0.00481
sphere4-d6,4,Float32,KrylovSolver,30.0,3.58e-06,0.04,0,true,threshold,931.9,0.000555,0.000791,0.00181,0.00234,0.00462
sphere4-d6,4,Float32,KrylovSolver,100.0,1.19e-05,0.03,0,true,threshold,381.9,0.000228,0.00113,0.00216,0.00345,0.00356
sphere4-d6,4,Float16,ArpackSolver,1.0,1.19e-07,0.00,4,true,gap,2514,2.19e-08,2.26e-08,5.49e-08,9.92e-08,0.0015
sphere4-d6,4,Float16,ArpackSolver,3.0,3.58e-07,0.00,4,true,gap,2514,2.67e-09,2.45e-08,4.81e-08,5.21e-08,0.0015
sphere4-d6,4,Float16,ArpackSolver,10.0,1.19e-06,0.00,4,true,gap,2514,7.34e-09,8.22e-09,4.3e-08,7.03e-08,0.0015
sphere4-d6,4,Float16,ArpackSolver,30.0,3.58e-06,0.00,4,true,gap,2514,1.75e-10,1.35e-08,4.17e-08,1.07e-07,0.0015
sphere4-d6,4,Float16,ArpackSolver,100.0,1.19e-05,0.00,4,true,gap,2514,1.27e-09,3.66e-08,6.05e-08,9.16e-08,0.0015
sphere4-d6,4,Float16,KrylovSolver,1.0,1.19e-07,0.07,0,false,threshold,42.45,2.53e-05,0.00155,0.00163,0.00347,0.00353
sphere4-d6,4,Float16,KrylovSolver,3.0,3.58e-07,0.05,0,false,threshold,138.9,8.28e-05,0.00107,0.00114,0.00336,0.00684
sphere4-d6,4,Float16,KrylovSolver,10.0,1.19e-06,0.07,0,false,threshold,179.5,0.000107,0.000726,0.000906,0.00241,0.0059
sphere4-d6,4,Float16,KrylovSolver,30.0,3.58e-06,0.04,0,true,threshold,1821,0.00109,0.00125,0.00191,0.00403,0.00638
sphere4-d6,4,Float16,KrylovSolver,100.0,1.19e-05,0.04,0,false,threshold,474.5,0.000283,0.000342,0.00118,0.00309,0.00524
video-20x20x10x3,3,Float64,ArpackSolver,1.0,2.22e-16,0.42,3,true,gap,2.394e+11,7.25e-18,1.04e-16,1.39e-16,0.000266,0.000272
video-20x20x10x3,3,Float64,ArpackSolver,3.0,6.66e-16,0.44,3,true,gap,2.394e+11,2.82e-17,8.92e-17,1.7e-16,0.000266,0.000272
video-20x20x10x3,3,Float64,ArpackSolver,10.0,2.22e-15,0.36,3,true,gap,2.394e+11,9.89e-17,1.19e-16,1.36e-16,0.000266,0.000272
video-20x20x10x3,3,Float64,ArpackSolver,30.0,6.66e-15,0.33,3,true,gap,2.394e+11,4.47e-17,8.82e-17,2.53e-16,0.000266,0.000272
video-20x20x10x3,3,Float64,ArpackSolver,100.0,2.22e-14,0.36,3,true,gap,2.394e+11,2.34e-18,8.41e-17,1.48e-16,0.000266,0.000272
video-20x20x10x3,3,Float64,KrylovSolver,1.0,2.22e-16,3.99,3,true,gap,2.394e+11,3.43e-17,1.88e-16,4.17e-16,0.000266,0.000272
video-20x20x10x3,3,Float64,KrylovSolver,3.0,6.66e-16,4.18,3,true,gap,2.394e+11,7.26e-18,2.49e-16,2.54e-16,0.000266,0.000272
video-20x20x10x3,3,Float64,KrylovSolver,10.0,2.22e-15,3.77,3,true,gap,2.394e+11,2.48e-16,3.29e-16,3.95e-16,0.000266,0.000272
video-20x20x10x3,3,Float64,KrylovSolver,30.0,6.66e-15,3.94,3,true,gap,2.394e+11,3.69e-17,2.61e-16,3.52e-16,0.000266,0.000272
video-20x20x10x3,3,Float64,KrylovSolver,100.0,2.22e-14,3.71,3,true,gap,2.394e+11,6.22e-17,2.76e-16,5.43e-16,0.000266,0.000272
video-20x20x10x3,3,Float32,ArpackSolver,1.0,1.19e-07,0.54,3,true,gap,446,4.14e-09,1.39e-08,3.35e-08,0.000266,0.000272
video-20x20x10x3,3,Float32,ArpackSolver,3.0,3.58e-07,0.49,3,true,gap,446,1.11e-09,8.49e-09,1.72e-08,0.000266,0.000272
video-20x20x10x3,3,Float32,ArpackSolver,10.0,1.19e-06,0.51,3,true,gap,446,5.38e-09,1.37e-08,5.08e-08,0.000266,0.000272
video-20x20x10x3,3,Float32,ArpackSolver,30.0,3.58e-06,0.42,3,true,gap,446,4.94e-09,1.77e-08,2.31e-08,0.000266,0.000272
video-20x20x10x3,3,Float32,ArpackSolver,100.0,1.19e-05,0.43,3,true,gap,446,1e-08,1.17e-08,1.96e-08,0.000266,0.000272
video-20x20x10x3,3,Float32,KrylovSolver,1.0,1.19e-07,3.97,3,true,gap,445.8,6.86e-08,8.64e-08,4.43e-07,0.000266,0.000272
video-20x20x10x3,3,Float32,KrylovSolver,3.0,3.58e-07,1.01,3,true,gap,446,2.18e-08,6.52e-08,1.38e-07,0.000266,0.000272
video-20x20x10x3,3,Float32,KrylovSolver,10.0,1.19e-06,0.69,3,true,gap,446,4.41e-09,1.39e-07,1.99e-07,0.000266,0.000272
video-20x20x10x3,3,Float32,KrylovSolver,30.0,3.58e-06,0.63,3,true,gap,446,6.63e-08,1.4e-07,4.23e-07,0.000266,0.000272
video-20x20x10x3,3,Float32,KrylovSolver,100.0,1.19e-05,0.45,3,true,gap,445.9,3.13e-08,6.16e-08,1.07e-07,0.000266,0.000272
video-20x20x10x3,3,Float16,ArpackSolver,1.0,1.19e-07,0.49,3,false,gap,446,3.8e-09,1.45e-08,3.24e-08,0.000266,0.000272
video-20x20x10x3,3,Float16,ArpackSolver,3.0,3.58e-07,0.44,3,false,gap,445.9,1.49e-08,3.03e-08,3.36e-08,0.000266,0.000272
video-20x20x10x3,3,Float16,ArpackSolver,10.0,1.19e-06,0.47,3,false,gap,446,1.44e-08,4.34e-08,1.01e-07,0.000266,0.000272
video-20x20x10x3,3,Float16,ArpackSolver,30.0,3.58e-06,0.43,3,false,gap,446,1.65e-08,4.77e-08,5.14e-08,0.000266,0.000272
video-20x20x10x3,3,Float16,ArpackSolver,100.0,1.19e-05,0.45,3,false,gap,446,1.47e-09,2.06e-08,2.62e-08,0.000266,0.000272
video-20x20x10x3,3,Float16,KrylovSolver,1.0,1.19e-07,3.83,3,false,gap,445.8,8.04e-08,1.37e-07,1.61e-07,0.000266,0.000272
video-20x20x10x3,3,Float16,KrylovSolver,3.0,3.58e-07,0.87,3,false,gap,445.8,4.39e-08,6.44e-08,3.94e-07,0.000266,0.000272
video-20x20x10x3,3,Float16,KrylovSolver,10.0,1.19e-06,0.75,3,false,gap,446,3.71e-08,1.21e-07,1.29e-07,0.000266,0.000272
video-20x20x10x3,3,Float16,KrylovSolver,30.0,3.58e-06,0.65,3,false,gap,445.9,1.42e-07,1.77e-07,3.57e-07,0.000266,0.000272
video-20x20x10x3,3,Float16,KrylovSolver,100.0,1.19e-05,0.48,3,false,gap,446,2.54e-08,1.04e-07,1.64e-07,0.000266,0.000272
rand4-d6,3,Float64,ArpackSolver,1.0,2.22e-16,0.01,3,true,gap,1.009e+14,8.39e-17,2.08e-16,2.54e-16,0.112,0.117
rand4-d6,3,Float64,ArpackSolver,3.0,6.66e-16,0.01,3,true,gap,1.009e+14,1.35e-17,7.51e-17,1.16e-16,0.112,0.117
rand4-d6,3,Float64,ArpackSolver,10.0,2.22e-15,0.01,3,true,gap,1.009e+14,9.37e-17,2e-16,2.98e-16,0.112,0.117
rand4-d6,3,Float64,ArpackSolver,30.0,6.66e-15,0.01,3,true,gap,1.009e+14,2.21e-17,3.5e-17,1.4e-16,0.112,0.117
rand4-d6,3,Float64,ArpackSolver,100.0,2.22e-14,0.01,3,true,gap,1.009e+14,2.73e-17,7.25e-17,1.68e-16,0.112,0.117
rand4-d6,3,Float64,KrylovSolver,1.0,2.22e-16,0.03,3,true,gap,1.009e+14,2.28e-16,3.42e-16,1.03e-15,0.112,0.117
rand4-d6,3,Float64,KrylovSolver,3.0,6.66e-16,0.03,3,true,gap,1.009e+14,4.33e-17,6.61e-16,9.64e-16,0.112,0.117
rand4-d6,3,Float64,KrylovSolver,10.0,2.22e-15,0.03,3,true,gap,9.705e+13,2.15e-16,3.97e-16,1.15e-15,0.112,0.117
rand4-d6,3,Float64,KrylovSolver,30.0,6.66e-15,0.02,3,true,gap,1.009e+14,3.96e-16,7.91e-16,1.08e-15,0.112,0.117
rand4-d6,3,Float64,KrylovSolver,100.0,2.22e-14,0.03,3,true,gap,1.009e+14,1.64e-16,4.81e-16,8.79e-16,0.112,0.117
rand4-d6,3,Float32,ArpackSolver,1.0,1.19e-07,0.00,3,true,gap,1.879e+05,1.88e-08,7.5e-08,8.31e-08,0.112,0.117
rand4-d6,3,Float32,ArpackSolver,3.0,3.58e-07,0.00,3,true,gap,1.879e+05,2.36e-08,5.4e-08,6.48e-08,0.112,0.117
rand4-d6,3,Float32,ArpackSolver,10.0,1.19e-06,0.00,3,true,gap,1.879e+05,3.22e-08,3.22e-08,7.82e-08,0.112,0.117
rand4-d6,3,Float32,ArpackSolver,30.0,3.58e-06,0.00,3,true,gap,1.879e+05,2.62e-08,5.02e-08,6.89e-08,0.112,0.117
rand4-d6,3,Float32,ArpackSolver,100.0,1.19e-05,0.00,3,true,gap,1.879e+05,6.43e-08,9.65e-08,1.36e-07,0.112,0.117
rand4-d6,3,Float32,KrylovSolver,1.0,1.19e-07,0.01,3,true,gap,1.879e+05,1.28e-08,1.17e-07,1.47e-07,0.112,0.117
rand4-d6,3,Float32,KrylovSolver,3.0,3.58e-07,0.01,3,true,gap,1.879e+05,3.74e-08,1.75e-07,2.36e-07,0.112,0.117
rand4-d6,3,Float32,KrylovSolver,10.0,1.19e-06,0.02,3,true,gap,1.879e+05,5.37e-08,8.28e-08,1.63e-07,0.112,0.117
rand4-d6,3,Float32,KrylovSolver,30.0,3.58e-06,0.01,3,true,gap,1.879e+05,3.11e-08,5e-08,7.13e-08,0.112,0.117
rand4-d6,3,Float32,KrylovSolver,100.0,1.19e-05,0.01,3,true,gap,1.879e+05,7.33e-08,9.74e-08,2.62e-07,0.112,0.117
rand4-d6,3,Float16,ArpackSolver,1.0,1.19e-07,0.00,3,true,gap,1.879e+05,1.84e-08,9.72e-08,1.29e-07,0.112,0.117
rand4-d6,3,Float16,ArpackSolver,3.0,3.58e-07,0.00,3,true,gap,1.879e+05,2.87e-10,1.23e-08,1.44e-08,0.112,0.117
rand4-d6,3,Float16,ArpackSolver,10.0,1.19e-06,0.00,3,true,gap,1.879e+05,1.62e-08,2.47e-08,3.22e-08,0.112,0.117
rand4-d6,3,Float16,ArpackSolver,30.0,3.58e-06,0.00,3,true,gap,1.879e+05,1.03e-10,1.11e-07,1.2e-07,0.112,0.117
rand4-d6,3,Float16,ArpackSolver,100.0,1.19e-05,0.00,3,true,gap,1.879e+05,1.01e-09,7.86e-09,2.4e-08,0.112,0.117
rand4-d6,3,Float16,KrylovSolver,1.0,1.19e-07,0.01,3,true,gap,1.879e+05,6.84e-08,7.32e-08,2.51e-07,0.112,0.117
rand4-d6,3,Float16,KrylovSolver,3.0,3.58e-07,0.01,3,true,gap,1.879e+05,1.87e-08,6.16e-08,2.6e-07,0.112,0.117
rand4-d6,3,Float16,KrylovSolver,10.0,1.19e-06,0.01,3,true,gap,1.879e+05,5.68e-08,1.09e-07,1.89e-07,0.112,0.117
rand4-d6,3,Float16,KrylovSolver,30.0,3.58e-06,0.01,3,true,gap,1.879e+05,5.89e-09,4.47e-08,1.38e-07,0.112,0.117
rand4-d6,3,Float16,KrylovSolver,100.0,1.19e-05,0.01,3,true,gap,1.879e+05,2.42e-08,1.16e-07,1.77e-07,0.112,0.117
