d,seed,config,T,seconds,bytes,peak_rss_gb,nullity,lsq_err,support,perm_ok,status
20,20,SVD/F64,Float64,0.254287,756671344,1.2840,3,1.948059e-14,1.000000,true,"ok"
20,20,LU-CPQR/F64,Float64,0.199357,742673248,1.2855,3,3.530694e-13,1.000000,true,"ok"
20,20,Arpack/F64,Float64,0.105667,407149024,1.2897,3,3.442902e-14,1.000000,true,"ok"
20,20,Krylov/F64,Float64,0.093243,359080920,1.2897,3,4.380746e-12,1.000000,true,"ok"
20,20,Auto/F64,Float64,0.099420,407149184,1.2897,3,1.483535e-14,1.000000,true,"ok"
20,20,QuickDer/F64,Float64,0.113073,87552016,1.3010,3,2.043425e-13,1.000000,true,"ok"
20,20,Arpack/F32,Float32,0.089839,247491672,1.4185,3,3.517997e-05,1.000000,true,"ok"
20,20,Krylov/F32,Float32,0.460878,266580232,1.4186,3,7.724612e-05,1.000000,true,"ok"
20,20,SVD/F32,Float32,0.193915,467684112,1.4186,3,6.124942e-05,1.000000,true,"ok"
20,20,QuickDer/F32,Float32,0.071310,47688784,1.4196,3,4.856804e-05,1.000000,true,"ok"
20,1020,SVD/F64,Float64,0.236597,758801264,1.4334,3,4.375203e-14,1.000000,true,"ok"
20,1020,LU-CPQR/F64,Float64,0.192195,744278880,1.4338,3,1.988230e-14,1.000000,true,"ok"
20,1020,Arpack/F64,Float64,0.131508,516374904,1.4338,3,5.626186e-14,1.000000,true,"ok"
20,1020,Krylov/F64,Float64,0.107831,418673256,1.4338,3,7.267175e-12,1.000000,true,"ok"
20,1020,Auto/F64,Float64,0.126399,516374872,1.4375,3,1.512435e-14,1.000000,true,"ok"
20,1020,QuickDer/F64,Float64,0.069683,79954528,1.4504,3,5.105990e-14,1.000000,true,"ok"
20,1020,Arpack/F32,Float32,0.081611,248895912,1.4504,3,2.114211e-05,1.000000,true,"ok"
20,1020,Krylov/F32,Float32,0.051490,149507640,1.4504,3,2.149198e-04,1.000000,true,"ok"
20,1020,SVD/F32,Float32,0.190660,467684112,1.4505,3,2.860301e-05,1.000000,true,"ok"
20,1020,QuickDer/F32,Float32,0.045389,40851184,1.4505,3,4.908394e-05,1.000000,true,"ok"
30,30,SVD/F64,Float64,1.622830,4758619640,1.6617,3,9.689982e-14,1.000000,true,"ok"
30,30,LU-CPQR/F64,Float64,1.272879,4698112488,1.7200,3,1.878302e-14,1.000000,true,"ok"
30,30,Arpack/F64,Float64,0.253672,1199622544,1.7367,3,4.191402e-14,1.000000,true,"ok"
30,30,Krylov/F64,Float64,0.303801,1386942056,1.7369,3,2.469633e-14,1.000000,true,"ok"
30,30,Auto/F64,Float64,0.249200,1199622704,1.7369,3,1.552834e-13,1.000000,true,"ok"
30,30,QuickDer/F64,Float64,0.330109,318110080,1.8376,3,2.484095e-14,1.000000,true,"ok"
30,30,Arpack/F32,Float32,0.195923,673983248,1.8458,3,2.263036e-05,1.000000,true,"ok"
30,30,Krylov/F32,Float32,0.144682,499588568,1.8458,3,4.655358e-05,1.000000,true,"ok"
30,30,SVD/F32,Float32,1.154373,2756777144,1.8459,3,2.067736e-05,1.000000,true,"ok"
30,30,QuickDer/F32,Float32,0.208015,174513136,1.8662,3,1.735728e-05,1.000000,true,"ok"
30,1030,SVD/F64,Float64,1.601906,4758619640,1.8665,3,9.408067e-14,1.000000,true,"ok"
30,1030,LU-CPQR/F64,Float64,1.247599,4698112488,1.8665,3,1.911847e-14,1.000000,true,"ok"
30,1030,Arpack/F64,Float64,0.335902,1505146888,1.8665,3,8.842078e-14,1.000000,true,"ok"
30,1030,Krylov/F64,Float64,0.301413,1387581160,1.8666,3,3.322671e-12,1.000000,true,"ok"
30,1030,Auto/F64,Float64,0.325969,1505147048,1.8666,3,4.296042e-14,1.000000,true,"ok"
30,1030,QuickDer/F64,Float64,0.274866,308272768,1.8671,3,5.346208e-14,1.000000,true,"ok"
30,1030,Arpack/F32,Float32,0.192490,670208416,1.8671,3,2.999382e-05,1.000000,true,"ok"
30,1030,Krylov/F32,Float32,0.145086,499815784,1.8671,3,5.728217e-05,1.000000,true,"ok"
30,1030,SVD/F32,Float32,1.139868,2756777144,1.8671,3,7.697539e-05,1.000000,true,"ok"
30,1030,QuickDer/F32,Float32,0.181326,167782368,1.8671,3,2.108756e-05,1.000000,true,"ok"
40,40,SVD/F64,Float64,6.215100,17754369904,2.1791,3,1.058681e-13,1.000000,true,"ok"
40,40,LU-CPQR/F64,Float64,4.716967,17553790096,2.1848,3,3.157662e-14,1.000000,true,"ok"
40,40,Arpack/F64,Float64,0.976846,4014419864,2.1848,3,3.703348e-14,1.000000,true,"ok"
40,40,Krylov/F64,Float64,0.917968,3690232664,2.1895,3,5.245785e-13,1.000000,true,"ok"
40,40,Auto/F64,Float64,0.993131,4014420024,2.1895,3,1.001340e-13,1.000000,true,"ok"
40,40,QuickDer/F64,Float64,0.771263,767950480,2.4857,3,6.010802e-14,1.000000,true,"ok"
40,40,Arpack/F32,Float32,0.582281,1806855912,2.4857,3,2.469678e-05,1.000000,true,"ok"
40,40,Krylov/F32,Float32,0.363109,1232705016,2.4857,3,3.379486e-05,1.000000,true,"ok"
40,40,SVD/F32,Float32,4.368324,9909260064,2.4857,3,4.826452e-04,1.000000,true,"ok"
40,40,QuickDer/F32,Float32,0.391358,143602752,2.4857,0,NaN,NaN,false,"error: FastDer3Valent did not find a correct solution triple at (a',b',c') = (12,12,12). Retry with larger sizes via triple_restriction_size_override."
40,1040,SVD/F64,Float64,399.763559,17754306720,2.4857,3,1.080503e-13,1.000000,true,"ok"
40,1040,LU-CPQR/F64,Float64,4.715508,17553790096,2.4857,3,5.763747e-14,1.000000,true,"ok"
40,1040,Arpack/F64,Float64,0.734701,3277576048,2.4857,3,6.186576e-13,1.000000,true,"ok"
40,1040,Krylov/F64,Float64,0.762992,3323736456,2.4857,3,1.676963e-12,1.000000,true,"ok"
40,1040,Auto/F64,Float64,0.753775,3277576208,2.4857,3,2.948708e-13,1.000000,true,"ok"
40,1040,QuickDer/F64,Float64,0.644390,758931216,2.4857,3,2.500683e-13,1.000000,true,"ok"
40,1040,Arpack/F32,Float32,0.419718,1401731032,2.4857,3,2.113922e-05,1.000000,true,"ok"
40,1040,Krylov/F32,Float32,0.290710,1029354488,2.4857,3,1.323398e-04,1.000000,true,"ok"
40,1040,SVD/F32,Float32,4.292929,9909260064,2.4857,3,5.266617e-05,1.000000,true,"ok"
40,1040,QuickDer/F32,Float32,0.423111,456255744,2.4857,3,1.942062e-04,1.000000,true,"ok"
50,50,SVD/F64,Float64,19.739269,50878480872,2.4857,3,1.177418e-13,1.000000,true,"ok"
50,50,LU-CPQR/F64,Float64,430.539911,50386742744,2.8730,3,3.425546e-14,1.000000,true,"ok"
50,50,Arpack/F64,Float64,1.774501,7362838168,2.8730,3,7.244914e-14,1.000000,true,"ok"
50,50,Krylov/F64,Float64,1.579745,6835309864,2.8730,3,1.517787e-11,1.000000,true,"ok"
50,50,Auto/F64,Float64,1.659442,7362838328,2.8730,3,3.152529e-14,1.000000,true,"ok"
50,50,QuickDer/F64,Float64,2.433608,1679524160,3.0484,3,6.823647e-10,1.000000,true,"ok"
50,50,Arpack/F32,Float32,1.013863,3250958152,3.0485,4,1.101761e-04,1.000000,true,"ok"
50,50,Krylov/F32,Float32,0.809504,2607159288,3.0485,4,5.927044e-04,1.000000,true,"ok"
50,50,SVD/F32,Float32,13.081855,27772599064,3.2814,4,6.642997e-05,1.000000,true,"ok"
50,50,QuickDer/F32,Float32,1.018697,283684976,3.3251,0,NaN,NaN,false,"error: LinearEqualsAffine assumes the linear system matrix has full column rank."
50,1050,SVD/F64,Float64,112.614465,50878480872,3.3251,3,5.226514e-14,1.000000,true,"ok"
50,1050,LU-CPQR/F64,Float64,13.723398,50386742744,3.3251,3,3.285449e-14,1.000000,true,"ok"
50,1050,Arpack/F64,Float64,1.776301,7284772168,3.3251,3,7.551605e-13,1.000000,true,"ok"
50,1050,Krylov/F64,Float64,1.387139,6154293048,3.3251,3,1.601354e-12,1.000000,true,"ok"
50,1050,Auto/F64,Float64,1.702838,7284772328,3.3251,3,1.182531e-11,1.000000,true,"ok"
50,1050,QuickDer/F64,Float64,2.302960,1670773392,3.3251,3,7.915974e-12,1.000000,true,"ok"
50,1050,Arpack/F32,Float32,0.814596,2558001864,3.3251,3,2.144215e-04,1.000000,true,"ok"
50,1050,Krylov/F32,Float32,0.546586,1866420792,3.3251,3,1.400869e-03,0.999998,true,"ok"
50,1050,SVD/F32,Float32,12.913321,27596897032,3.3251,3,2.046509e-04,1.000000,true,"ok"
50,1050,QuickDer/F32,Float32,1.161542,865425040,3.3251,3,2.516122e-05,1.000000,true,"ok"
64,64,SVD/F64,Float64,835.403867,164979633248,3.3251,3,1.477111e-13,1.000000,true,"ok"
64,64,LU-CPQR/F64,Float64,71.671028,163742423120,3.3251,3,4.911765e-14,1.000000,true,"ok"
64,64,Arpack/F64,Float64,8.309604,17416210472,3.3251,3,1.129051e-13,1.000000,true,"ok"
64,64,Krylov/F64,Float64,3.759631,15012636600,3.3251,3,1.409474e-12,1.000000,true,"ok"
64,64,Auto/F64,Float64,4.149755,17416210824,3.3251,3,1.690986e-13,1.000000,true,"ok"
64,64,QuickDer/F64,Float64,6.164878,3838734608,3.4099,3,4.338894e-13,1.000000,true,"ok"
64,64,Arpack/F32,Float32,2.238368,6517512600,3.4661,3,1.436916e-03,0.999998,true,"ok"
64,64,Krylov/F32,Float32,1.658350,5109881176,3.4661,3,5.609246e-05,1.000000,true,"ok"
64,64,SVD/F32,Float32,45.802326,88113702624,3.4661,3,7.031842e-05,1.000000,true,"ok"
64,64,QuickDer/F32,Float32,3.108277,2014227360,3.4661,3,3.724094e-05,1.000000,true,"ok"
64,1064,SVD/F64,Float64,73.489702,164979633248,3.6604,3,1.764226e-13,1.000000,true,"ok"
64,1064,LU-CPQR/F64,Float64,48.749726,163742423120,4.1510,3,8.697024e-14,1.000000,true,"ok"
64,1064,Arpack/F64,Float64,3.567845,14789691120,4.1510,3,2.200995e-13,1.000000,true,"ok"
64,1064,Krylov/F64,Float64,3.283973,13654082840,4.1510,3,1.155091e-11,1.000000,true,"ok"
64,1064,Auto/F64,Float64,3.220496,14815696232,4.1510,3,9.625018e-14,1.000000,true,"ok"
64,1064,QuickDer/F64,Float64,6.121632,3838954160,4.1510,3,2.510267e-13,1.000000,true,"ok"
64,1064,Arpack/F32,Float32,1.917827,6420377968,4.1510,3,4.513000e-05,1.000000,true,"ok"
64,1064,Krylov/F32,Float32,1.204957,4385215128,4.1510,3,6.254561e-04,1.000000,true,"ok"
64,1064,SVD/F32,Float32,45.900983,87957956320,4.1510,3,7.261498e-05,1.000000,true,"ok"
64,1064,QuickDer/F32,Float32,2.909215,1968894640,4.1510,3,2.710546e-03,0.999993,true,"ok"
